เริ่มการรายงาน,สิ้นสุดการรายงาน,ชื่อแคมเปญ,วัตถุประสงค์,เริ่ม,สิ้นสุด,"จำนวนเงินที่ใช้จ่ายไป (THB)",การตั้งค่าการระบุที่มา,ผลลัพธ์,ตัวระบุผลลัพธ์,ต้นทุนต่อผลลัพธ์,การเข้าถึง,อิมเพรสชัน,การมีส่วนร่วมกับโพสต์,ThruPlay,การเข้าชมแลนดิ้งเพจ,การรับชมเนื้อหา,การหยิบใส่รถเข็น,การซื้อ,ค่าคอนเวอร์ชั่นการซื้อ
2022-01-03,2022-06-19,"Traffic - 3C0607 Promotion HTxส.ขอนแก่น (Ecomm) : จับคู่ความอร่อยx2 ข้าวต้นฤดู แถมหมูฝอยใหญ่ 2ซอง (Dark post)",การเยี่ยมชม,2022-03-26,2022-04-05,1999.72,"การคลิกในช่วง 7 วันหรือการดูในช่วง 1 วัน",35,actions:link_click,57.134857142857,5904,12170,1144,,13,11,1,1,
2022-01-03,2022-06-19,"Traffic - 3C0608 Promotion HTxส.ขอนแก่น (Ecomm) : เซตคุ้มอร่อยง่ายๆ ได้ทุกมื้อ (ข้าวถ้วย1 แถมหมูฝอยเล็ก1) (Dark post)",การเยี่ยมชม,2022-03-26,2022-04-05,1800.16,"การคลิกในช่วง 7 วันหรือการดูในช่วง 1 วัน",166,actions:link_click,10.844337349398,38584,118028,1035,,60,60,,,
2022-01-03,2022-06-19,"Traffic - 3C0609 Promotion HTxส.ขอนแก่น (Ecomm) : ข้าวแพ็ค4 ถุง(ที่ร่วมรายการ) แลกซื้อหมูฝอยใหญ่ 1 ซอง (Dark post)",การเยี่ยมชม,2022-03-26,2022-04-05,1999.7,"การคลิกในช่วง 7 วันหรือการดูในช่วง 1 วัน",153,actions:link_click,13.069934640523,35472,114661,1080,,52,56,,,
2022-01-03,2022-06-19,"Traffic - IG / Dark post",การเยี่ยมชม,2022-03-26,2022-04-05,5689.34,"การคลิกในช่วง 7 วันหรือการดูในช่วง 1 วัน",52,actions:link_click,109.41038461538,9322,15372,2346,,6,5,,,
2022-01-03,2022-06-19,"Reach - 3C0708 ยิ่งหุงยิ่งสุข : ขยายเวลาแลกของรางวัล ถึงวันที่ 15 เม.ย.65",การเข้าถึง,2022-03-28,2022-04-10,800,"การคลิกในช่วง 7 วันหรือการดูในช่วง 1 วัน",30808,reach,25.967281225656,30808,57419,44,,,15,,,
2022-01-03,2022-06-19,"Engagement - 3C0708 ยิ่งหุงยิ่งสุข : ขยายเวลาแลกของรางวัล ถึงวันที่ 15 เม.ย.65",การมีส่วนร่วม,2022-03-28,2022-04-10,1700,"การคลิกในช่วง 7 วันหรือการดูในช่วง 1 วัน",1009,actions:post_engagement,1.6848364717542,3368,5158,1009,,,4,,,
2022-01-03,2022-06-19,"Reach - 3EC0701 Shopee โปรเด็ด ลดดับร้อน (31 Mar - 1 Apr)",การเข้าถึง,2022-03-30,2022-04-01,300,"การคลิกในช่วง 7 วันหรือการดูในช่วง 1 วัน",24104,reach,12.446067042814,24104,24330,11,,,2,,,
2022-01-03,2022-06-19,"Engagement - 3EC0701 Shopee โปรเด็ด ลดดับร้อน (31 Mar - 1 Apr)",การมีส่วนร่วม,2022-03-30,2022-04-01,699.96,"การคลิกในช่วง 7 วันหรือการดูในช่วง 1 วัน",496,actions:post_engagement,1.4112096774194,1577,2066,496,,1,1,,,
2022-01-03,2022-06-19,"Reach - 3EC0702 JD หงษ์ทอง x รสดี x ปุ้มปุ้ย (1-10 Apr)",การเข้าถึง,2022-04-01,2022-04-10,400,"การคลิกในช่วง 7 วันหรือการดูในช่วง 1 วัน",31672,reach,12.629451881788,31672,34447,9,,,,,,
2022-01-03,2022-06-19,"Engagement - 3EC0702 JD หงษ์ทอง x รสดี x ปุ้มปุ้ย (1-10 Apr)",การมีส่วนร่วม,2022-04-01,2022-04-10,600,"การคลิกในช่วง 7 วันหรือการดูในช่วง 1 วัน",395,actions:post_engagement,1.5189873417722,1568,2228,395,,,1,,,
2022-01-03,2022-06-19,"Engagement - 3C0714 3 เคล็ดลับทานข้าวอย่างไรให้ปลอดภัย ห่างไกลโรคอ้วน",การมีส่วนร่วม,2022-04-02,2022-04-09,800,"การคลิกในช่วง 7 วันหรือการดูในช่วง 1 วัน",697,actions:post_engagement,1.1477761836442,5392,7741,697,,1,5,,,
2022-01-03,2022-06-19,"Engagement - 3C0715 5 ทริคง่ายๆ ทานคลีนได้ทุกวัน",การมีส่วนร่วม,2022-04-02,2022-04-09,999.97,"การคลิกในช่วง 7 วันหรือการดูในช่วง 1 วัน",963,actions:post_engagement,1.0383904465213,10590,17056,963,,,5,,1,
2022-01-03,2022-06-19,"Engagement - 3C0711 Promotion Flash Sale 4.4",การมีส่วนร่วม,2022-04-03,2022-04-05,1000,"การคลิกในช่วง 7 วันหรือการดูในช่วง 1 วัน",613,actions:post_engagement,1.63132137031,1882,2909,613,,,,,,
2022-01-03,2022-06-19,"Engagement - 3C0702 KV : Happy Songkran สุชล้นจานอบอุ่นล้นใจ",การมีส่วนร่วม,2022-04-06,2022-04-23,3000,"การคลิกในช่วง 7 วันหรือการดูในช่วง 1 วัน",2376,actions:post_engagement,1.2626262626263,11108,17599,2376,,1,3,,,
2022-01-03,2022-06-19,"Reach - 3C0702 KV : Happy Songkran สุชล้นจานอบอุ่นล้นใจ",การเข้าถึง,2022-04-06,2022-04-25,1000,"การคลิกในช่วง 7 วันหรือการดูในช่วง 1 วัน",71904,reach,13.907432131731,71904,89981,50,,2,4,,,
2022-01-03,2022-06-19,"Engagement - 3C0703 5 กิจกรรมสำหรับสายบุญ เสริมสิริมงคลในวันสงกรานต์",การมีส่วนร่วม,2022-04-08,2022-04-15,1500,"การคลิกในช่วง 7 วันหรือการดูในช่วง 1 วัน",3179,actions:post_engagement,0.47184649260774,33528,50670,3179,,6,6,1,1,
2022-01-03,2022-06-19,"Engagement - 3C0712 Promotion สาดความสุข ลดดับร้อน (ต้นฤดู+หอมมะลิ100) 8-19 Apr",การมีส่วนร่วม,2022-04-08,2022-04-19,999.97,"การคลิกในช่วง 7 วันหรือการดูในช่วง 1 วัน",733,actions:post_engagement,1.3642155525239,2442,3446,733,,,,,,
2022-01-03,2022-06-19,"Engagement - 3C0701 โชคดีรับปีใหม่ไทยด้วย 5 อาหารมงคล",การมีส่วนร่วม,2022-04-09,2022-04-15,0,"การคลิกในช่วง 7 วันหรือการดูในช่วง 1 วัน",,,,0,0,,,,,,,
2022-01-03,2022-06-19,"Engagement - 3C0709 Execlusive Pro อยากรู้ แวะไปดูที่ Line ข้าวหงษ์ทอง",การมีส่วนร่วม,2022-04-10,2022-04-25,1200,"การคลิกในช่วง 7 วันหรือการดูในช่วง 1 วัน",787,actions:post_engagement,1.5247776365947,3220,4348,787,,,5,,,
2022-01-03,2022-06-19,"Reach - 3C0709 Execlusive Pro อยากรู้ แวะไปดูที่ Line ข้าวหงษ์ทอง",การเข้าถึง,2022-04-10,2022-04-25,800,"การคลิกในช่วง 7 วันหรือการดูในช่วง 1 วัน",33960,reach,23.557126030624,33960,66343,77,,1,6,2,1,
2022-01-03,2022-06-19,"Engagement - 3C0704 หิวระหว่างทางกลับบ้าน....มีข้าวถ้วยอุ่นใจ",การมีส่วนร่วม,2022-04-11,2022-04-16,799.99,"การคลิกในช่วง 7 วันหรือการดูในช่วง 1 วัน",607,actions:post_engagement,1.3179406919275,4827,6022,607,,,7,1,,
2022-01-03,2022-06-19,"Engagement - 3C0801 สงกรานต์ปีนี้ คุณเป็นสายไหน ? (สายสาด , สายบุญ , สายปาร์ตี้ , สายพักผ่อน)",การมีส่วนร่วม,2022-04-12,2022-04-16,700,"การคลิกในช่วง 7 วันหรือการดูในช่วง 1 วัน",756,actions:post_engagement,0.92592592592593,11344,15517,756,,,,,,
2022-01-03,2022-06-19,"Engagement - 3C0813 Product : ข้าวหอมมะลิใหม่ต้นฤดู หอมกว่านุ่มกว่า 2 เท่า",การมีส่วนร่วม,2022-04-12,2022-04-19,1500,"การคลิกในช่วง 7 วันหรือการดูในช่วง 1 วัน",1365,actions:post_engagement,1.0989010989011,7060,9670,1365,,2,2,,,
2022-01-03,2022-06-19,"Reach - 3EC0801 Lazada Mid-month Sale (15 Apr)",การเข้าถึง,2022-04-14,2022-04-15,500,"การคลิกในช่วง 7 วันหรือการดูในช่วง 1 วัน",45616,reach,10.961066292529,45616,46099,33,,2,,,,
2022-01-03,2022-06-19,"Engagement - 3C0805 สุขสันต์วันสงกราน แบบ 4 ภาค",การมีส่วนร่วม,2022-04-13,2022-04-15,500,"การคลิกในช่วง 7 วันหรือการดูในช่วง 1 วัน",443,actions:post_engagement,1.1286681715576,9878,12225,443,,,,,,
2022-01-03,2022-06-19,"Engagement - 3C0706 Give away : สงกรานต์นี้ ชวนคุณแชร์โมเม้นต์บนโต๊ะอาหารกับครอบครัว",การมีส่วนร่วม,2022-04-13,2022-04-20,1000,"การคลิกในช่วง 7 วันหรือการดูในช่วง 1 วัน",788,actions:post_engagement,1.2690355329949,4069,7053,788,,,1,,,
2022-01-03,2022-06-19,"Reach - 3C0706 Give away : สงกรานต์นี้ ชวนคุณแชร์โมเม้นต์บนโต๊ะอาหารกับครอบครัว",การเข้าถึง,2022-04-13,2022-04-20,500,"การคลิกในช่วง 7 วันหรือการดูในช่วง 1 วัน",19832,reach,25.211778943122,19832,33521,21,,,1,,,
2022-01-03,2022-06-19,"Engagement - 3C0705 มื้อนี้คิดถึงจัง....มีความสุขทุกครั้งที่ได้กลับมา (สุขสันต์วันครอบครัว)",การมีส่วนร่วม,2022-04-14,2022-04-17,699.94,"การคลิกในช่วง 7 วันหรือการดูในช่วง 1 วัน",594,actions:post_engagement,1.1783501683502,3263,4052,594,,,,,,
2022-01-03,2022-06-19,"Engagement - 3C0802 *Happy Songkran เมนูดับร้อน : ข้าวแช่หอมมะลิหงษ์ทอง",การมีส่วนร่วม,2022-04-14,2022-04-25,2000,"การคลิกในช่วง 7 วันหรือการดูในช่วง 1 วัน",3101,actions:post_engagement,0.64495324089004,45088,65611,3101,,,2,,,
2022-01-03,2022-06-19,"Engagement - 3C0803 *Happy Songkran เมนูดับร้อน : พุดดิ้งข้าว",การมีส่วนร่วม,2022-04-15,2022-04-22,1500,"การคลิกในช่วง 7 วันหรือการดูในช่วง 1 วัน",1819,actions:post_engagement,0.82462891698736,16092,22917,1819,,,,,,
2022-01-03,2022-06-19,"Engagement - 3C0710 ผิวเสียเพราะเล่นน้ำสงกรานต์ ลองใช้น้ำซาวน์ข้าว ดูสิประโยชน์เยอะ",การมีส่วนร่วม,2022-04-15,2022-04-20,800,"การคลิกในช่วง 7 วันหรือการดูในช่วง 1 วัน",725,actions:post_engagement,1.1034482758621,6654,8645,725,,,,,,
2022-01-03,2022-06-19,"Engagement - 3C0707 แม้ตัวห่างไกล แต่ความห่วงใยก็ไปถึง ส่งข้าวหงษ์ทองให้คนที่คุณรัก",การมีส่วนร่วม,2022-04-16,2022-04-21,800,"การคลิกในช่วง 7 วันหรือการดูในช่วง 1 วัน",602,actions:post_engagement,1.328903654485,3748,5109,602,,,,,,
2022-01-03,2022-06-19,"Engagement - 3C0804 *Happy Songkran เมนูดับร้อน  :ข้าวซูเปอร์ไรซ์ มูลมะม่วง",การมีส่วนร่วม,2022-04-18,2022-04-25,1800,"การคลิกในช่วง 7 วันหรือการดูในช่วง 1 วัน",3775,actions:post_engagement,0.47682119205298,36848,51867,3775,,,5,,,
2022-01-03,2022-06-19,"Video view - 3C0808 Facebook Reel ข้าวซูเปอร์ไรซ์ มูลมะม่วง",การรับชมวิดีโอ,2022-04-21,2022-04-27,500,"การคลิกในช่วง 7 วันหรือการดูในช่วง 1 วัน",8914,video_thruplay_watched_actions,0.056091541395558,29016,33961,19229,8914,,,,,
2022-01-03,2022-06-19,"Engagement - 3C0808 Facebook Reel ข้าวซูเปอร์ไรซ์ มูลมะม่วง",การมีส่วนร่วม,2022-04-21,2022-04-27,500,"การคลิกในช่วง 7 วันหรือการดูในช่วง 1 วัน",15157,actions:post_engagement,0.032988058322887,24776,28277,15157,6559,,,,,
2022-01-03,2022-06-19,"Engagement - 3C0809 ข้าวซูเปอรไรซ์ เสริมสร้างภูมิคุ้มกัน ปลอดภัยจากโรคร้าย",การมีส่วนร่วม,2022-04-23,2022-04-30,800,"การคลิกในช่วง 7 วันหรือการดูในช่วง 1 วัน",526,actions:post_engagement,1.5209125475285,2814,3432,526,,2,3,,,
2022-01-03,2022-06-19,"Engagement - 3C0811 Product Content : ข้าว Zuperice สารต้านอนุมูลอิสระสูง",การมีส่วนร่วม,2022-04-24,2022-04-30,800,"การคลิกในช่วง 7 วันหรือการดูในช่วง 1 วัน",631,actions:post_engagement,1.2678288431062,4077,5167,631,,,,,,
2022-01-03,2022-06-19,"Video view - 3C0807 Facebook Reel ข้าวแช่หอมมะลิ",การรับชมวิดีโอ,2022-04-23,2022-04-23,0,"การคลิกในช่วง 7 วันหรือการดูในช่วง 1 วัน",,,,0,0,,,,,,,
2022-01-03,2022-06-19,"Engagement - 3C0912 Promotion Hong Thong Payday (25 Apr - 1 May)",การมีส่วนร่วม,2022-04-25,2022-05-01,1000,"การคลิกในช่วง 7 วันหรือการดูในช่วง 1 วัน",606,actions:post_engagement,1.6501650165017,2657,3369,606,,,,,,
2022-01-03,2022-06-19,"Engagement - 3C0904 เมนูดับร้อน : ไอติมข้าวซูเปอร์ไรซ์ (ลงเมนูช่วงก่อนโปร zuperrice)",การมีส่วนร่วม,2022-04-25,2022-04-30,1500,"การคลิกในช่วง 7 วันหรือการดูในช่วง 1 วัน",1788,actions:post_engagement,0.83892617449664,10892,15296,1788,,,,,,
2022-01-03,2022-06-19,"Engagement - 3C0902 KV : เติมความสุขใส่จาน...ด้วยข้าวที่เราใส่ใจ",การมีส่วนร่วม,2022-04-26,2022-05-15,2000,"การคลิกในช่วง 7 วันหรือการดูในช่วง 1 วัน",1539,actions:post_engagement,1.2995451591943,11412,16577,1539,,1,5,,,
2022-01-03,2022-06-19,"Reach - 3C0902 KV : เติมความสุขใส่จาน...ด้วยข้าวที่เราใส่ใจ",การเข้าถึง,2022-04-26,2022-05-15,1000,"การคลิกในช่วง 7 วันหรือการดูในช่วง 1 วัน",80769,reach,12.380987755203,80769,93624,70,,,,,,
2022-01-03,2022-06-19,"Engagement - 3C0903 Promotion : ข้าวซูเปอร์ไรซ์ ซื้อ 1 แถม 1 เพียงราคา 149 บาท",การมีส่วนร่วม,2022-04-27,2022-05-10,1199.97,"การคลิกในช่วง 7 วันหรือการดูในช่วง 1 วัน",820,actions:post_engagement,1.4633780487805,3035,3782,820,,,3,,,
2022-01-03,2022-06-19,"Reach - 3C0903 Promotion : ข้าวซูเปอร์ไรซ์ ซื้อ 1 แถม 1 เพียงราคา 149 บาท",การเข้าถึง,2022-04-27,2022-05-10,1000,"การคลิกในช่วง 7 วันหรือการดูในช่วง 1 วัน",75232,reach,13.292216078265,75232,90275,32,,2,2,,,
2022-01-03,2022-06-19,"Message - IG / Dark post",ข้อความ,2022-04-27,2022-05-06,2200,"การคลิกในช่วง 7 วันหรือการดูในช่วง 1 วัน",4,actions:onsite_conversion.messaging_conversation_started_7d,550,13169,22346,69,,,26,1,4,
2022-01-03,2022-06-19,"Engagement - 3C0910 เมนูดับร้อน : น้ำข้าวซูเปอร์ไรซ์ (ลงเมนูช่วงระหว่างโปร zuperrice)",การมีส่วนร่วม,2022-04-28,2022-05-04,1000,"การคลิกในช่วง 7 วันหรือการดูในช่วง 1 วัน",876,actions:post_engagement,1.1415525114155,7958,10670,876,,,,,,
2022-01-03,2022-06-19,"Engagement - 3C0911 เมนูดับร้อน : ข้าวเปียกซูเปอร์ไรซ์ (ลงเมนูช่วงระหว่างโปร zuperrice)",การมีส่วนร่วม,2022-04-30,2022-05-06,1300,"การคลิกในช่วง 7 วันหรือการดูในช่วง 1 วัน",1779,actions:post_engagement,0.73074761101743,17020,23373,1779,,,10,2,3,
2022-01-03,2022-06-19,"Reach - 3C0906 เติมความสุขให้ทุกมื้ออร่อยเป็นพิเศษ ใช้ข้าวหอมมะลิใหม่ต้นฤดู 100%",การเข้าถึง,2022-04-29,2022-05-10,700,"การคลิกในช่วง 7 วันหรือการดูในช่วง 1 วัน",61759,reach,11.334380414191,61759,67035,68,,7,4,,,
2022-01-03,2022-06-19,"Engagement - 3C0906 เติมความสุขให้ทุกมื้ออร่อยเป็นพิเศษ ใช้ข้าวหอมมะลิใหม่ต้นฤดู 100%",การมีส่วนร่วม,2022-04-29,2022-05-10,1300,"การคลิกในช่วง 7 วันหรือการดูในช่วง 1 วัน",1114,actions:post_engagement,1.1669658886894,7752,10696,1114,,3,3,,1,
2022-01-03,2022-06-19,"Engagement - 3C0905 สุขสันต์วันแรงงาน งดใช้แรงงาน...มาใช้แรงทานข้าว",การมีส่วนร่วม,2022-05-01,2022-05-01,499.85,"การคลิกในช่วง 7 วันหรือการดูในช่วง 1 วัน",433,actions:post_engagement,1.1543879907621,5208,5453,433,,,,,,
2022-01-03,2022-06-19,"Engagement - 3C0901 Promotion Flash Sale 5.5",การมีส่วนร่วม,2022-05-04,2022-05-06,1000,"การคลิกในช่วง 7 วันหรือการดูในช่วง 1 วัน",732,actions:post_engagement,1.3661202185792,3360,4309,732,,,2,,,
2022-01-03,2022-06-19,"Engagement - 3C0909 5 อุปกรณ์สุดล้ำในครัว ที่แม่บ้านยุคใหม่ต้องมี",การมีส่วนร่วม,2022-05-05,2022-05-10,1000,"การคลิกในช่วง 7 วันหรือการดูในช่วง 1 วัน",1142,actions:post_engagement,0.87565674255692,14384,18429,1142,,2,15,,1,
2022-01-03,2022-06-19,"Reach - 3EC0903	JD หงษ์ทอง x พันท้าย x ออง-เทร่",การเข้าถึง,2022-05-06,2022-05-09,200,"การคลิกในช่วง 7 วันหรือการดูในช่วง 1 วัน",19680,reach,10.162601626016,19680,19699,3,,,,,,
2022-01-03,2022-06-19,"Engagement - 3EC0903 JD หงษ์ทอง x พันท้าย x ออง-เทร่",การมีส่วนร่วม,2022-05-06,2022-05-09,799.96,"การคลิกในช่วง 7 วันหรือการดูในช่วง 1 วัน",671,actions:post_engagement,1.1921907600596,3316,4339,671,,,3,2,2,
2022-01-03,2022-06-19,"Engagement - 3C0907 อากาศก็ร้อน ข้าวก็หมด แก้ปัญหาง่ายๆ แค่สั่งข้าวหงษ์ทองออนไลน์ จัดส่งฟรีถึงหน้าบ้าน",การมีส่วนร่วม,2022-05-06,2022-05-11,399.31,"การคลิกในช่วง 7 วันหรือการดูในช่วง 1 วัน",399,actions:post_engagement,1.0007769423559,3453,4172,399,,2,5,,,
2022-01-03,2022-06-19,"Reach - 3C0907 อากาศก็ร้อน ข้าวก็หมด แก้ปัญหาง่ายๆ แค่สั่งข้าวหงษ์ทองออนไลน์ จัดส่งฟรีถึงหน้าบ้าน",การเข้าถึง,2022-05-06,2022-05-17,450,"การคลิกในช่วง 7 วันหรือการดูในช่วง 1 วัน",38760,reach,11.609907120743,38760,42492,26,,2,4,,,
2022-01-03,2022-06-19,"Video view - 3C0908 Photoshoot : สูตรอร่อยได้สุขภาพ ข้าวหอมมะลิผสมข้าวกล้อง ทานง่ายได้ไฟเบอร์",การรับชมวิดีโอ,2022-05-07,2022-05-11,500,"การคลิกในช่วง 7 วันหรือการดูในช่วง 1 วัน",8439,video_thruplay_watched_actions,0.059248726152388,34024,37435,20030,8439,1,1,,,
2022-01-03,2022-06-19,"Engagement - 3C0908 Photoshoot : สูตรอร่อยได้สุขภาพ ข้าวหอมมะลิผสมข้าวกล้อง ทานง่ายได้ไฟเบอร์ - สำเนา",การมีส่วนร่วม,2022-05-07,2022-05-11,500,"การคลิกในช่วง 7 วันหรือการดูในช่วง 1 วัน",16584,actions:post_engagement,0.030149541726966,28024,29924,16584,6637,,,,,
2022-01-03,2022-06-19,"Engagement - 3C1011 ต่อเวลาวันหยุด เพิ่มความ (สุก)  ด้วยข้าวหงษ์ทอง x ส.ขอนแก่น",การมีส่วนร่วม,2022-05-09,2022-05-14,1000,"การคลิกในช่วง 7 วันหรือการดูในช่วง 1 วัน",755,actions:post_engagement,1.3245033112583,3213,4412,755,,,,,,
2022-01-03,2022-06-19,"Engagement - 3C1001 HT Cooking : เมนูอาหารสุขภาพ คิมบับข้าวกล้อง",การมีส่วนร่วม,2022-05-09,2022-05-16,1000,"การคลิกในช่วง 7 วันหรือการดูในช่วง 1 วัน",997,actions:post_engagement,1.0030090270812,7868,10970,997,,,,,,
2022-01-03,2022-06-19,"Engagement  - IG / Daily post (2)",การมีส่วนร่วม,2022-05-10,2022-07-07,5398.35,"การคลิกในช่วง 7 วันหรือการดูในช่วง 1 วัน",3034,actions:post_engagement,1.7792847725775,104256,149105,3034,,5,6,,,
2022-01-03,2022-06-19,"Awareness - IG / Dark post",การรับรู้แบรนด์,2022-05-10,2022-05-22,600,"การคลิกในช่วง 7 วันหรือการดูในช่วง 1 วัน",1290,estimated_ad_recallers,0.46511627906977,30368,49307,20,,3,3,,,
2022-01-03,2022-06-19,"Engagement - 3C1002 HT Cooking : เมนูอาหารสุขภาพ ข้าวสันในหมูย่างน้ำจิ้มแจ่ว",การมีส่วนร่วม,2022-05-11,2022-05-17,1000,"การคลิกในช่วง 7 วันหรือการดูในช่วง 1 วัน",991,actions:post_engagement,1.0090817356206,8536,11016,991,,,,,,
2022-01-03,2022-06-19,"Engagement - 3C1009 อร่อยเพลิน จนต้องเดินไปตักเพิ่ม ""ข้าวหอมมะลิใหม่ต้นฤดู 100%""",การมีส่วนร่วม,2022-05-12,2022-05-19,799.98,"การคลิกในช่วง 7 วันหรือการดูในช่วง 1 วัน",614,actions:post_engagement,1.3028990228013,3860,5154,614,,2,3,1,,
2022-01-03,2022-06-19,"Engagement - 3C1016 เคล็ดไม่ลับ หุงข้าวกล้องให้อร่อย",การมีส่วนร่วม,2022-05-11,2022-05-17,800,"การคลิกในช่วง 7 วันหรือการดูในช่วง 1 วัน",679,actions:post_engagement,1.1782032400589,8224,10570,679,,4,5,,,
2022-01-03,2022-06-19,"Engagement - 3C1008 Online Activity  PR :ชวนครอบครัวข้าวหงษ์ทอง มากดติดตาม Instagram",การเข้าถึง,2022-05-12,2022-05-19,600,"การคลิกในช่วง 7 วันหรือการดูในช่วง 1 วัน",50139,reach,11.966732483695,50139,50139,30,,,,,,
2022-01-03,2022-06-19,"Engagement - 3C1003 HT Cooking : เมนูอาหารสุขภาพ ข้าวกล้องอกไก่คลุกกะปิ",การมีส่วนร่วม,2022-05-13,2022-05-19,800,"การคลิกในช่วง 7 วันหรือการดูในช่วง 1 วัน",793,actions:post_engagement,1.0088272383354,7690,9740,793,,,1,,1,
2022-01-03,2022-06-19,"Engagement - 3C1007 วิสาขบูชานี้ ใส่บาตรเสริม (สุขภาพ) พระ ด้วยข้าวกล้องหอมใหม่ 100%",การมีส่วนร่วม,2022-05-14,2022-05-15,599.97,"การคลิกในช่วง 7 วันหรือการดูในช่วง 1 วัน",494,actions:post_engagement,1.2145141700405,3863,4273,494,,,,,,
2022-01-03,2022-06-19,"Engagement - 3C1004 HT Cooking : เมนูอาหารสุขภาพ ข้าวกล้องผัดต้มยำอกไก่แซ่บ",การมีส่วนร่วม,2022-05-16,2022-05-22,500,"การคลิกในช่วง 7 วันหรือการดูในช่วง 1 วัน",516,actions:post_engagement,0.96899224806202,4366,5600,516,,,,,,
2022-01-03,2022-06-19,"Engagement - 3C1010 6 เหตุผลที่ควรทานข้าวกล้อง",การมีส่วนร่วม,2022-05-17,2022-05-22,600,"การคลิกในช่วง 7 วันหรือการดูในช่วง 1 วัน",967,actions:post_engagement,0.62047569803516,10266,14474,967,,3,3,,,
2022-01-03,2022-06-19,"Engagement - 3C1006 HT Healthy Lunch Box : จัดเซ็ตเมนูสุขภาพ อร่อยง่ายๆ ได้ไฟเบอร์ 5 เท่า ด้วยสูตร 2:1:1",การมีส่วนร่วม,2022-05-17,2022-05-22,600,"การคลิกในช่วง 7 วันหรือการดูในช่วง 1 วัน",1379,actions:post_engagement,0.43509789702683,12264,17399,1379,,,3,,,
2022-01-03,2022-06-19,"Engagement - 3C1005 HT Cooking : เมนูอาหารสุขภาพ แกงส้มปลาดอลลี่",การมีส่วนร่วม,2022-05-18,2022-05-22,700,"การคลิกในช่วง 7 วันหรือการดูในช่วง 1 วัน",597,actions:post_engagement,1.1725293132328,4012,5449,597,,,,,,
2022-01-03,2022-06-19,"Engagement - 3C1101 สดตลอดปี...เสมือนเก็บเกี่ยวใหม่ (KV)",การมีส่วนร่วม,2022-05-24,2022-05-31,500,"การคลิกในช่วง 7 วันหรือการดูในช่วง 1 วัน",397,actions:post_engagement,1.2594458438287,2486,3460,397,,,,,,
2022-01-03,2022-06-19,"Reach - 3C1101 สดตลอดปี...เสมือนเก็บเกี่ยวใหม่ (KV)",การเข้าถึง,2022-05-24,2022-06-19,700,"การคลิกในช่วง 7 วันหรือการดูในช่วง 1 วัน",40983,reach,17.080252787741,40983,62543,46,,1,1,,,
2022-01-03,2022-06-19,"Engagement - 3C1102 หอมนุ่มตลอดทั้งปี อร่อยดีไม่มีเปลี่ยน  ข้าวหอมมะลิใหม่ต้นฤดู 100% ตราหงษ์ทอง หอมกว่า นุ่มกว่า 2 เท่า",การมีส่วนร่วม,2022-05-26,2022-06-13,1199.99,"การคลิกในช่วง 7 วันหรือการดูในช่วง 1 วัน",778,actions:post_engagement,1.5424035989717,3533,5288,778,,3,10,,,
2022-01-03,2022-06-19,"Reach - 3C1102 หอมนุ่มตลอดทั้งปี อร่อยดีไม่มีเปลี่ยน  ข้าวหอมมะลิใหม่ต้นฤดู 100% ตราหงษ์ทอง หอมกว่า นุ่มกว่า 2 เท่า",การเข้าถึง,2022-05-26,2022-06-02,300,"การคลิกในช่วง 7 วันหรือการดูในช่วง 1 วัน",15808,reach,18.977732793522,15808,23985,17,,,,,,
2022-01-03,2022-06-19,"Reach - 3C1106 น้องผักแฮปปี้!...แชร์วิธีเก็บผักในตู้เย็น ให้คงอยู่ได้นานตลอดเดือน",การเข้าถึง,2022-05-27,2022-05-31,300,"การคลิกในช่วง 7 วันหรือการดูในช่วง 1 วัน",18188,reach,16.494391906752,18188,23286,56,,,,,,
2022-01-03,2022-06-19,"Reach - 3C1107 บ้านของเราไม่เก่าอีกต่อไป ""5 วิธีง่ายๆ บ้านสะอาดได้ ด้วยของใช้ในครัว""",การเข้าถึง,2022-05-30,2022-06-02,300,"การคลิกในช่วง 7 วันหรือการดูในช่วง 1 วัน",22028,reach,13.619030325041,22028,25499,73,,,,,,
2022-01-03,2022-06-19,"Engagement - 3C1104 พร้อมส่งให้ถึงบ้าน แม้ฟ้าฝนไม่เป็นใจ สั่งข้าวหงษ์ทอง Online ตอนนี้",การมีส่วนร่วม,2022-06-01,2022-06-09,1000,"การคลิกในช่วง 7 วันหรือการดูในช่วง 1 วัน",723,actions:post_engagement,1.3831258644537,2787,4250,723,,,,,,
2022-01-03,2022-06-19,"Engagement - 3C1109 แม่ค๊าบ ขอเบิ้ลอีกจาน ""ข้าวหอมมะลิใหม่ต้นฤดู100% ตราหงษ์ทอง"" อร่อยจนต้องขอเพิ่ม",การมีส่วนร่วม,2022-06-01,2022-06-07,600,"การคลิกในช่วง 7 วันหรือการดูในช่วง 1 วัน",8999,actions:post_engagement,0.066674074897211,15485,19469,8999,2084,,,,,
2022-01-03,2022-06-19,"Video view - 3C1109 แม่ค๊าบ ขอเบิ้ลอีกจาน ""ข้าวหอมมะลิใหม่ต้นฤดู100% ตราหงษ์ทอง"" อร่อยจนต้องขอเพิ่ม",การรับชมวิดีโอ,2022-06-01,2022-06-07,400,"การคลิกในช่วง 7 วันหรือการดูในช่วง 1 วัน",1228,video_thruplay_watched_actions,0.3257328990228,10370,12904,5421,1228,,1,,,
2022-01-03,2022-06-19,"Engagement - 3C1103 5 มิถุนายน วันชาวนาไทย ร่วมเชิดชูคุณค่าข้าวไทย และเกษตรกร Appreciate life",การมีส่วนร่วม,2022-06-05,2022-06-05,300,"การคลิกในช่วง 7 วันหรือการดูในช่วง 1 วัน",357,actions:post_engagement,0.84033613445378,4723,4998,357,,,,,,
2022-01-03,2022-06-19,"Engagement - 3C1111 HT Cooking สำหรับลูกน้อย : ข้าวปั้นน้องหมี",การมีส่วนร่วม,2022-06-02,2022-06-07,800,"การคลิกในช่วง 7 วันหรือการดูในช่วง 1 วัน",901,actions:post_engagement,0.88790233074362,6480,8537,901,,,,,,
2022-01-03,2022-06-19,"Engagement - 3C1110 นุ่มละมุนทุกครั้งที่ตักทาน ""ข้าวหอมมะลิใหม่ต้นฤดู100% ตราหงษ์ทอง"" หอมนุ่มในทุกคำ",การมีส่วนร่วม,2022-06-04,2022-06-08,600,"การคลิกในช่วง 7 วันหรือการดูในช่วง 1 วัน",7097,actions:post_engagement,0.084542764548401,19012,25417,7097,2040,33,38,,,
2022-01-03,2022-06-19,"Engagement - 3C1113 6.6 Flash sale shop.hongthongrice",การมีส่วนร่วม,2022-06-05,2022-06-07,600,"การคลิกในช่วง 7 วันหรือการดูในช่วง 1 วัน",429,actions:post_engagement,1.3986013986014,1717,2162,429,,1,2,,,
2022-01-03,2022-06-19,"Reach - 3C1114 6.6 Flashsale Lazada (e-com)",การเข้าถึง,2022-06-06,2022-06-08,800,"การคลิกในช่วง 7 วันหรือการดูในช่วง 1 วัน",67326,reach,11.882482250542,67326,67326,34,,1,3,1,,
2022-01-03,2022-06-19,"Engagement - 3C1114 6.6 Flashsale Lazada (e-com)",การมีส่วนร่วม,2022-06-06,2022-06-08,200,"การคลิกในช่วง 7 วันหรือการดูในช่วง 1 วัน",133,actions:post_engagement,1.5037593984962,952,1118,133,,,,,,
2022-01-03,2022-06-19,"Engagement - 3C1201 HT Cooking สำหรับลูกน้อย : ข้าวปั้นกระต่าย",การมีส่วนร่วม,2022-06-07,2022-06-14,800,"การคลิกในช่วง 7 วันหรือการดูในช่วง 1 วัน",804,actions:post_engagement,0.99502487562189,5732,7573,804,,,,,,
2022-01-03,2022-06-19,"Engagement - 3C1202 HT Cooking สำหรับลูกน้อย : ข้าวปั้นแมวเหมียว",การมีส่วนร่วม,2022-06-08,2022-06-15,800,"การคลิกในช่วง 7 วันหรือการดูในช่วง 1 วัน",858,actions:post_engagement,0.93240093240093,7234,9878,858,,,1,,,
2022-01-03,2022-06-19,"Engagement - 3C1206 6.6 Mid Year Sale JD (e-com)",การมีส่วนร่วม,2022-06-07,2022-06-08,500,"การคลิกในช่วง 7 วันหรือการดูในช่วง 1 วัน",331,actions:post_engagement,1.5105740181269,1230,1479,331,,,2,,,
2022-01-03,2022-06-19,"Engagement - 3C1205 Promotion ข้าวหอม 100% (8 - 14 June)",การมีส่วนร่วม,2022-06-08,2022-06-14,599.83,"การคลิกในช่วง 7 วันหรือการดูในช่วง 1 วัน",366,actions:post_engagement,1.6388797814208,1756,2394,366,,,,,,
2022-01-03,2022-06-19,"Engagement - 3C1203 HT Cooking สำหรับคุณพ่อ :เบนโตะรวมมิตรไก่",การมีส่วนร่วม,2022-06-10,2022-06-17,800,"การคลิกในช่วง 7 วันหรือการดูในช่วง 1 วัน",836,actions:post_engagement,0.95693779904306,5198,6963,836,,,,,,
2022-01-03,2022-06-19,"Engagement - 3C1204 HT Cooking สำหรับคุณพ่อ : เบนโตะกะเพรากุ้ง",การมีส่วนร่วม,2022-06-12,2022-06-18,800,"การคลิกในช่วง 7 วันหรือการดูในช่วง 1 วัน",894,actions:post_engagement,0.89485458612975,6790,10041,894,,,,,,
2022-01-03,2022-06-19,"Engagement - 3C1209 Video Cooking :ข้าวปั้นน้องหมี",การมีส่วนร่วม,2022-06-11,2022-06-17,500,"การคลิกในช่วง 7 วันหรือการดูในช่วง 1 วัน",9307,actions:post_engagement,0.053723004190394,19228,23779,9307,3532,,,,,
2022-01-03,2022-06-19,"Video view - 3C1209 Video Cooking :ข้าวปั้นน้องหมี",การรับชมวิดีโอ,2022-06-11,2022-06-17,300,"การคลิกในช่วง 7 วันหรือการดูในช่วง 1 วัน",2484,video_thruplay_watched_actions,0.1207729468599,11336,14277,5572,2484,,,,,
2022-01-03,2022-06-19,"Engagement - 3C1207 หอมนุ่มตลอดทั้งปี เพราะกรรมวิธีที่เราทำ",การมีส่วนร่วม,2022-06-14,2022-06-24,706.5,"การคลิกในช่วง 7 วันหรือการดูในช่วง 1 วัน",486,actions:post_engagement,1.4537037037037,3074,3965,486,,1,9,2,,
2022-01-03,2022-06-19,"Engagement - 3C1210 HT Shop แจกโค้ดลด (16 - 19 June)",การมีส่วนร่วม,2022-06-16,2022-06-19,700,"การคลิกในช่วง 7 วันหรือการดูในช่วง 1 วัน",137,actions:post_engagement,5.1094890510949,20028,25141,137,,1,1,,,
2022-01-03,2022-06-19,"Traffic - 3C1210 HT Shop แจกโค้ดลด (16 - 19 June)",การเยี่ยมชม,2022-06-16,2022-06-19,700,"การคลิกในช่วง 7 วันหรือการดูในช่วง 1 วัน",99,actions:link_click,7.0707070707071,14266,17956,116,,44,52,3,1,
2022-01-03,2022-06-19,"Engagement - 3C1208 ข้าวหอมมะลิใหม่ต้นฤดู 100% ตราหงษ์ทอง หอมกว่า นุ่มกว่า 2 เท่า เติมความสุขทุกครั้งที่ตักทาน :)",การมีส่วนร่วม,2022-06-16,2022-06-23,340.68,"การคลิกในช่วง 7 วันหรือการดูในช่วง 1 วัน",204,actions:post_engagement,1.67,1163,1559,204,,1,1,,,
2022-01-03,2022-06-19,"Engagement - 3C1211 6.18 Mid Year Sale JD (e-com)",การมีส่วนร่วม,2022-06-18,2022-06-20,193.43,"การคลิกในช่วง 7 วันหรือการดูในช่วง 1 วัน",116,actions:post_engagement,1.6675,1035,1085,116,,,,,,
2022-01-03,2022-06-19,"Engagement - 3C0223 VDO - ความหมายถุง",การมีส่วนร่วม,2022-01-26,2022-02-04,12000,"การคลิกในช่วง 7 วันหรือการดูในช่วง 1 วัน",65700,actions:post_engagement,0.18264840182648,170578,315366,65700,11744,5,7,,,
2022-01-03,2022-06-19,"Engagement - 3C0215 (ยิ่งหุง ยิ่งสุข) ของรางวัลสุดโปรดแลกได้กี่ครั้ง!!",การมีส่วนร่วม,2022-01-27,2022-02-05,1000,"การคลิกในช่วง 7 วันหรือการดูในช่วง 1 วัน",649,actions:post_engagement,1.5408320493066,3210,3985,649,,,,,,
2022-01-03,2022-06-19,"Engagement - 3C0211 (ยิ่งหุง ยิ่งสุข) เหลือเวลาสะสมพอยท์ 3 เดือนสุดท้าย! - 2",การมีส่วนร่วม,1970-01-01,1970-01-01,0,"การคลิกในช่วง 7 วันหรือการดูในช่วง 1 วัน",,,,0,0,,,,,,,
2022-01-03,2022-06-19,"Engagement - 3C0224 วิธีพกพา ""เทพเจ้าไฉ่ซิงเอี๊ย"" ให้มั่งคั่ง รับทรัพย์ตลอดปี 2565",การมีส่วนร่วม,2022-01-27,2022-02-06,1500,"การคลิกในช่วง 7 วันหรือการดูในช่วง 1 วัน",2387,actions:post_engagement,0.62840385421031,20987,38597,2387,,25,37,,,
2022-01-03,2022-06-19,"Engagement - 3C0307 4 ไอเดีย ให้อั่งเปารูปแบบใหม่ ใน “ยุคดิจิทัล” สร้างจุดเริ่มต้น ในการออม และการลงทุน",การมีส่วนร่วม,2022-01-29,2022-02-02,1000,"การคลิกในช่วง 7 วันหรือการดูในช่วง 1 วัน",684,actions:post_engagement,1.4619883040936,8288,11701,684,,2,4,,,
2022-01-03,2022-06-19,"Video view - 3C0204	VDO EP.4 แก้ปีชง ให้มงคล มั่งมี",การรับชมวิดีโอ,2022-01-31,2022-02-10,5000,"การคลิกในช่วง 7 วันหรือการดูในช่วง 1 วัน",36459,video_thruplay_watched_actions,0.13714034943361,27684,55097,42133,36459,,,,,
2022-01-03,2022-06-19,"Engagement - 3C0204 VDO EP.4 แก้ปีชง ให้มงคล มั่งมี",การมีส่วนร่วม,2022-01-31,2022-02-10,15000,"การคลิกในช่วง 7 วันหรือการดูในช่วง 1 วัน",148214,actions:post_engagement,0.10120501437111,136282,295605,148214,93670,,4,,2,
2022-01-03,2022-06-19,"Engagement - 3C0312 Flash sale 2.2 (1-4 Feb)",การมีส่วนร่วม,2022-02-01,2022-02-04,585.78,"การคลิกในช่วง 7 วันหรือการดูในช่วง 1 วัน",488,actions:post_engagement,1.200368852459,2853,3422,488,,2,1,,,
2022-01-03,2022-06-19,"Engagement - 3C0313 Flash sale 2.2 (1-4 Feb) ต้นฤดู",การมีส่วนร่วม,2022-02-01,2022-02-04,1000,"การคลิกในช่วง 7 วันหรือการดูในช่วง 1 วัน",768,actions:post_engagement,1.3020833333333,3232,4451,768,,,,,,
2022-01-03,2022-06-19,"Engagement - 3C0306 Happy Chinese New Year 2022 (ซินเจียยู่อี่ ซินนี้ฮวดไช้)",การมีส่วนร่วม,2022-02-01,2022-02-01,499.99,"การคลิกในช่วง 7 วันหรือการดูในช่วง 1 วัน",385,actions:post_engagement,1.2986753246753,1917,2062,385,,,,,,
2022-01-03,2022-06-19,"Reach - 3C0306 Happy Chinese New Year 2022 (ซินเจียยู่อี่ ซินนี้ฮวดไช้)",การเข้าถึง,2022-02-01,2022-02-01,200,"การคลิกในช่วง 7 วันหรือการดูในช่วง 1 วัน",19282,reach,10.372368011617,19282,19460,12,,,1,,,
2022-01-03,2022-06-19,"Engagement - 3C0301 PR ยิ่งหุง ยิ่งสุข - ของรางวัลพรีเมี่ยมถูกใจสาย Cooking",การมีส่วนร่วม,2022-02-02,2022-02-09,1000,"การคลิกในช่วง 7 วันหรือการดูในช่วง 1 วัน",721,actions:post_engagement,1.3869625520111,5449,7998,721,,1,3,,,
2022-01-03,2022-06-19,"Engagement - 3C0302 PR ยิ่งหุง ยิ่งสุข - 400 Points ก็อร่อยได้ กับหมูฝอย ส.ขอนแก่น",การมีส่วนร่วม,2022-02-04,2022-02-15,2000,"การคลิกในช่วง 7 วันหรือการดูในช่วง 1 วัน",1304,actions:post_engagement,1.5337423312883,5912,8258,1304,,,,,,
2022-01-03,2022-06-19,"Video view - 3C0205 VDO EP.3 ปรับฮวงจุ้ย รับทรัพย์ตลอดปี",การรับชมวิดีโอ,2022-02-03,2022-02-15,5000,"การคลิกในช่วง 7 วันหรือการดูในช่วง 1 วัน",48417,video_thruplay_watched_actions,0.10326951277444,44879,60587,54711,48417,,2,,,
2022-01-03,2022-06-19,"Engagement - 3C0205 VDO EP.3 ปรับฮวงจุ้ย รับทรัพย์ตลอดปี",การมีส่วนร่วม,2022-02-03,2022-02-15,13000,"การคลิกในช่วง 7 วันหรือการดูในช่วง 1 วัน",118383,actions:post_engagement,0.1098130643758,188438,392564,118383,34258,,18,2,1,
2022-01-03,2022-06-19,"Engagement - 3C0303 Product Content - ข้าวถ้วยหมูฝอย จับคู่ความอร่อยจาก HT x ส.ขอนแก่น",การมีส่วนร่วม,2022-02-06,2022-02-16,2000,"การคลิกในช่วง 7 วันหรือการดูในช่วง 1 วัน",1289,actions:post_engagement,1.5515903801396,7176,10312,1289,,,,,,
2022-01-03,2022-06-19,"Engagement - 3C0315 Promotion (7-14 Feb) ต้นฤดู+RBB",การมีส่วนร่วม,2022-02-07,2022-02-14,1500,"การคลิกในช่วง 7 วันหรือการดูในช่วง 1 วัน",889,actions:post_engagement,1.6872890888639,2802,4036,889,,,,,,
2022-01-03,2022-06-19,"Reach - 3C0308 Online Activity - ชวนคุณมาบอกรัก ให้ดังกว่าที่เคย กับ กิจกรรม “รักใครให้ไรซ์เบอร์รี่”",การเข้าถึง,2022-02-07,2022-02-13,500,"การคลิกในช่วง 7 วันหรือการดูในช่วง 1 วัน",24173,reach,20.684234476482,24173,41106,1,,,,,,
2022-01-03,2022-06-19,"Engagement - 3C0308 Online Activity - ชวนคุณมาบอกรัก ให้ดังกว่าที่เคย กับ กิจกรรม “รักใครให้ไรซ์เบอร์รี่”",การมีส่วนร่วม,2022-02-07,2022-02-13,800,"การคลิกในช่วง 7 วันหรือการดูในช่วง 1 วัน",562,actions:post_engagement,1.423487544484,2282,3700,562,,,5,,,
2022-01-03,2022-06-19,"Engagement - 3C0314 Promotion รักใครให้ Riceberry (7-14 Feb) RBB แพ็คคู่",การมีส่วนร่วม,2022-02-07,2022-02-14,1500,"การคลิกในช่วง 7 วันหรือการดูในช่วง 1 วัน",912,actions:post_engagement,1.6447368421053,3485,4867,912,,,,,,
2022-01-03,2022-06-19,"Engagement - 3C0304 Product Content - หมูฝอยทรงเครื่อง อร่อยได้ทุกมื้อ!",การมีส่วนร่วม,2022-02-08,2022-02-15,2000,"การคลิกในช่วง 7 วันหรือการดูในช่วง 1 วัน",1468,actions:post_engagement,1.3623978201635,9252,15222,1468,,,,,,
2022-01-03,2022-06-19,"Engagement - 3C0407 รักใคร ให้ไรซ์เบอร์รี่ ประโยชน์ดีๆ ที่มอบให้คนสำคัญ",การมีส่วนร่วม,2022-02-08,2022-02-14,1000,"การคลิกในช่วง 7 วันหรือการดูในช่วง 1 วัน",777,actions:post_engagement,1.2870012870013,3454,4783,777,,,,,,
2022-01-03,2022-06-19,"Engagement - 3C0316 Promotion ข้าวหอมมะลิต้นฤดู 859 (9-15 Feb)",การมีส่วนร่วม,2022-02-09,2022-02-15,1000,"การคลิกในช่วง 7 วันหรือการดูในช่วง 1 วัน",723,actions:post_engagement,1.3831258644537,2580,3692,723,,3,5,1,,
2022-01-03,2022-06-19,"Engagement - 3C0305 ยิ่งหุง ยิ่งสุข - PR ตะกร้าผ้า Canvas สไตล์ Minimal",การมีส่วนร่วม,2022-02-10,2022-02-17,1000,"การคลิกในช่วง 7 วันหรือการดูในช่วง 1 วัน",716,actions:post_engagement,1.3966480446927,4460,6108,716,,2,2,,,
2022-01-03,2022-06-19,"Engagement - 3C0309 Online Activity - ยิ่งหุง ยิ่งสุข ยิ่งแลก ยิ่งอร่อย",การมีส่วนร่วม,2022-02-10,2022-02-17,1000,"การคลิกในช่วง 7 วันหรือการดูในช่วง 1 วัน",515,actions:post_engagement,1.9417475728155,1985,3118,515,,2,10,,,
2022-01-03,2022-06-19,"Reach - 3C0309 Online Activity - ยิ่งหุง ยิ่งสุข ยิ่งแลก ยิ่งอร่อย",การเข้าถึง,2022-02-10,2022-02-17,500,"การคลิกในช่วง 7 วันหรือการดูในช่วง 1 วัน",21748,reach,22.990619827111,21748,30776,16,,,3,,,
2022-01-03,2022-06-19,"Traffic - 3C0315 Promotion (7-14 Feb) ต้นฤดู+RBB",การเยี่ยมชม,2022-02-10,2022-02-14,1000,"การคลิกในช่วง 7 วันหรือการดูในช่วง 1 วัน",66,actions:link_click,15.151515151515,13952,22308,72,,16,17,,,
2022-01-03,2022-06-19,"Video view - 3C0409 เติมข้าวเต็มถัง มั่งคั่ง มั่งมี ตลอดปีขาล วิดีโอ",การรับชมวิดีโอ,2022-02-10,2022-02-25,2000,"การคลิกในช่วง 7 วันหรือการดูในช่วง 1 วัน",32056,video_thruplay_watched_actions,0.062390816071874,14184,32373,32162,32056,,,,,
2022-01-03,2022-06-19,"Engagement - 3C0409 เติมข้าวเต็มถัง มั่งคั่ง มั่งมี ตลอดปีขาล วิดีโอ",การมีส่วนร่วม,2022-02-10,2022-02-25,4000,"การคลิกในช่วง 7 วันหรือการดูในช่วง 1 วัน",33152,actions:post_engagement,0.12065637065637,51359,105422,33152,10059,,,,,
2022-01-03,2022-06-19,"Engagement - 3C0404 Valentine - ความหมายสีดอกกุหลาย (แดง , ขาว , ส้ม  ,ม่วง)",การมีส่วนร่วม,2022-02-13,2022-02-14,800,"การคลิกในช่วง 7 วันหรือการดูในช่วง 1 วัน",1917,actions:post_engagement,0.41731872717788,23120,26387,1917,,1,4,,,
2022-01-03,2022-06-19,"Engagement - 3C0410 เติมข้าวเต็มถัง มั่งคั่ง มั่งมี ตลอดปีขาล(Lifestyle)",การมีส่วนร่วม,2022-02-13,2022-02-19,1000,"การคลิกในช่วง 7 วันหรือการดูในช่วง 1 วัน",755,actions:post_engagement,1.3245033112583,4811,6342,755,,,1,,,
2022-01-03,2022-06-19,"Engagement - 3C0403 6 เหตุผล ให้ข้าวไรซ์เบอร์รี่ดูแลคนที่คุณรัก ในวัน Valentine นี้",การมีส่วนร่วม,2022-02-14,2022-02-21,1500,"การคลิกในช่วง 7 วันหรือการดูในช่วง 1 วัน",1124,actions:post_engagement,1.3345195729537,7780,10477,1124,,,2,,,
2022-01-03,2022-06-19,"Engagement - 3C0408 เคล็ดลับเสริมมงคลหลังตรุษจีน - เติมข้าวเต็มถัง มั่งคั่ง มั่งมี ตลอดปีขาล",การมีส่วนร่วม,2022-02-15,2022-02-24,1500,"การคลิกในช่วง 7 วันหรือการดูในช่วง 1 วัน",1234,actions:post_engagement,1.2155591572123,12544,20114,1234,,1,5,,,
2022-01-03,2022-06-19,"Engagement - 3C0401 เสื้อมงคลเฮงตลอดปี",การมีส่วนร่วม,2022-02-17,2022-02-27,1300,"การคลิกในช่วง 7 วันหรือการดูในช่วง 1 วัน",4093,actions:post_engagement,0.31761544099682,30872,41656,4093,,4,3,,,
2022-01-03,2022-06-19,"Reach - 3C0401 เสื้อมงคลเฮงตลอดปี",การเข้าถึง,2022-02-17,2022-02-27,700,"การคลิกในช่วง 7 วันหรือการดูในช่วง 1 วัน",54817,reach,12.769761205465,54817,60264,316,,7,4,,,
2022-01-03,2022-06-19,"Engagement - 3C0411 Product Content เติมข้าวเต็มถัง มั่งคั่ง มั่งมี ตลอดปีขาล",การมีส่วนร่วม,2022-02-16,2022-02-24,800,"การคลิกในช่วง 7 วันหรือการดูในช่วง 1 วัน",474,actions:post_engagement,1.6877637130802,1531,1961,474,,,,,,
2022-01-03,2022-06-19,"Engagement - 3C0405 ข้าวไรซ์เบอร์รี่ ที่สุดของข้าวเพื่อการควบคุมน้ำหนัก",การมีส่วนร่วม,2022-02-17,2022-02-22,1000,"การคลิกในช่วง 7 วันหรือการดูในช่วง 1 วัน",815,actions:post_engagement,1.2269938650307,4411,5551,815,,1,2,,,
2022-01-03,2022-06-19,"Engagement - 3C0413 โอกาสพิเศษเดือนแห่งความรัก เติมความหวานให้แก่กัน แลกน้ำผึ้งดอยคำได้แล้ววันนี้ที่...",การมีส่วนร่วม,2022-02-17,2022-02-22,1000,"การคลิกในช่วง 7 วันหรือการดูในช่วง 1 วัน",690,actions:post_engagement,1.4492753623188,3553,4810,690,,,,,,
2022-01-03,2022-06-19,"Reach - 3C0413 โอกาสพิเศษเดือนแห่งความรัก เติมความหวานให้แก่กัน แลกน้ำผึ้งดอยคำได้แล้ววันนี้ที่...",การเข้าถึง,2022-02-17,2022-02-22,300,"การคลิกในช่วง 7 วันหรือการดูในช่วง 1 วัน",16564,reach,18.111567254286,16564,22161,28,,,1,,,
2022-01-03,2022-06-19,"Reach - 3C0415 โอกาสสุดพิเศษ จับคู่ข้าวถ้วยพร้อมทาน Ready Rice ลด Point",การเข้าถึง,2022-02-18,2022-03-04,1000,"การคลิกในช่วง 7 วันหรือการดูในช่วง 1 วัน",43865,reach,22.797218739314,43865,76492,73,,,3,,,
2022-01-03,2022-06-19,"Engagement - 3C0415 โอกาสสุดพิเศษ จับคู่ข้าวถ้วยพร้อมทาน Ready Rice ลด Point",การมีส่วนร่วม,2022-02-18,2022-03-04,1500,"การคลิกในช่วง 7 วันหรือการดูในช่วง 1 วัน",875,actions:post_engagement,1.7142857142857,3261,4939,875,,,,,,
2022-01-03,2022-06-19,"Engagement - 3C0406 ข้าวไรซ์เบอร์รี่ เหมาะกับใครบ้าง?",การมีส่วนร่วม,2022-02-19,2022-02-22,800,"การคลิกในช่วง 7 วันหรือการดูในช่วง 1 วัน",553,actions:post_engagement,1.4466546112116,3357,4232,553,,2,2,,,
2022-01-03,2022-06-19,"Engagement - 3C0416 Promotion Hongthong X King (ข้าว+น้ำมัน)",การมีส่วนร่วม,2022-02-19,2022-02-25,1000,"การคลิกในช่วง 7 วันหรือการดูในช่วง 1 วัน",620,actions:post_engagement,1.6129032258065,1616,2152,620,,,,,,
2022-01-03,2022-06-19,"Engagement - 3C0402 เฮงตลอดปีขาล แจก Wallpaper โทรศัพท์ (Version ข้าวหงษ์ทอง)",การมีส่วนร่วม,2022-02-21,2022-02-28,1500,"การคลิกในช่วง 7 วันหรือการดูในช่วง 1 วัน",1408,actions:post_engagement,1.0653409090909,15000,23816,1408,,577,881,,2,
2022-01-03,2022-06-19,"Reach - 3C0402 เฮงตลอดปีขาล แจก Wallpaper โทรศัพท์ (Version ข้าวหงษ์ทอง)",การเข้าถึง,2022-02-21,2022-02-28,500,"การคลิกในช่วง 7 วันหรือการดูในช่วง 1 วัน",38040,reach,13.144058885384,38040,39126,32,,8,17,,,
2022-01-03,2022-06-19,"Engagement - 3C0414 เติมพลัง เพิ่มความหวานให้มื้อเช้าของเจ้าตัวเล็ก ด้วย น้ำผึ้งดอยคำ แลกพอยท์...",การมีส่วนร่วม,2022-02-22,2022-02-28,1200,"การคลิกในช่วง 7 วันหรือการดูในช่วง 1 วัน",783,actions:post_engagement,1.5325670498084,3016,4419,783,,,4,1,1,
2022-01-03,2022-06-19,"Engagement - 3EC0401 Laz Mall Super Sale (23 Feb - 2 Mar)",การมีส่วนร่วม,2022-02-22,2022-02-28,500,"การคลิกในช่วง 7 วันหรือการดูในช่วง 1 วัน",86,actions:post_engagement,5.8139534883721,1409,1776,86,,,,,,
2022-01-03,2022-06-19,"Reach - 3C0418 มีรหัสในมือให้รีบกรอก มีพอยท์ในมือให้รีบแลก!!!",การเข้าถึง,2022-02-26,2022-03-04,400,"การคลิกในช่วง 7 วันหรือการดูในช่วง 1 วัน",22560,reach,17.730496453901,22560,31033,35,,,4,,,
2022-01-03,2022-06-19,"Engagement - 3C0418 มีรหัสในมือให้รีบกรอก มีพอยท์ในมือให้รีบแลก!!!",การมีส่วนร่วม,2022-02-26,2022-03-04,800,"การคลิกในช่วง 7 วันหรือการดูในช่วง 1 วัน",508,actions:post_engagement,1.5748031496063,1893,2668,508,,,1,,,
2022-01-03,2022-06-19,"Engagement - 3C0501 Flash Sale 3.3 (2-4 Mar)",การมีส่วนร่วม,2022-03-02,2022-03-04,999.94,"การคลิกในช่วง 7 วันหรือการดูในช่วง 1 วัน",630,actions:post_engagement,1.5872063492063,3361,4480,630,,3,2,,,
2022-01-03,2022-06-19,"Engagement - 3C0506 Flash sale 3.3 (2-4 Mar) ต้นฤดู",การมีส่วนร่วม,2022-03-02,2022-03-04,1000,"การคลิกในช่วง 7 วันหรือการดูในช่วง 1 วัน",544,actions:post_engagement,1.8382352941176,1492,1987,544,,,,,,
2022-01-03,2022-06-19,"Engagement - 3C0502 ยิ่งหุง ยิ่งสุข : รวมของรางวัลพรีเมียม ถูกใจแม่บ้าน",การมีส่วนร่วม,2022-03-02,2022-03-09,1000,"การคลิกในช่วง 7 วันหรือการดูในช่วง 1 วัน",660,actions:post_engagement,1.5151515151515,2125,2860,660,,,,,,
2022-01-03,2022-06-19,"Engagement - 3EC0501 Laz Mall 3.3 รวมดีลปัง จากแบรนด์ดัง",การมีส่วนร่วม,2022-03-02,2022-03-03,299.42,"การคลิกในช่วง 7 วันหรือการดูในช่วง 1 วัน",166,actions:post_engagement,1.803734939759,606,633,166,,,,,,
2022-01-03,2022-06-19,"Reach - 3EC0501 Laz Mall 3.3 รวมดีลปัง จากแบรนด์ดัง",การเข้าถึง,2022-03-02,2022-03-03,200,"การคลิกในช่วง 7 วันหรือการดูในช่วง 1 วัน",15640,reach,12.787723785166,15640,15680,12,,1,,,,
2022-01-03,2022-06-19,"Engagement - 3C0510 Promotion ยิ่งช้อปยิ่งคุ้ม (ต้นฤดู+หอมมะลิ100)",การมีส่วนร่วม,2022-03-07,2022-03-14,1500,"การคลิกในช่วง 7 วันหรือการดูในช่วง 1 วัน",1013,actions:post_engagement,1.4807502467917,3559,4734,1013,,,,,,
2022-01-03,2022-06-19,"Engagement - 3C0511 ""Promotion ช้อปข้าวออนไลน์  (หอมมะลิแท้+หอมคัดพิเศษ)""",การมีส่วนร่วม,2022-03-07,2022-03-14,1000,"การคลิกในช่วง 7 วันหรือการดูในช่วง 1 วัน",650,actions:post_engagement,1.5384615384615,2954,3849,650,,,,,,
2022-01-03,2022-06-19,"Engagement - 3C0504 ข้าวหอมมะลิ 100% แบบไหนที่ใช่ สำหรับครอบครัวคุณ?",การมีส่วนร่วม,2022-03-07,2022-03-15,2300,"การคลิกในช่วง 7 วันหรือการดูในช่วง 1 วัน",903,actions:post_engagement,2.547065337763,37568,51462,903,,9,23,1,1,
2022-01-03,2022-06-19,"Reach - 3C0508 นอกจากได้ความอร่อย ยังได้พอยท์อีกด้วย !",การเข้าถึง,2022-03-07,2022-03-15,500,"การคลิกในช่วง 7 วันหรือการดูในช่วง 1 วัน",25383,reach,19.698223220266,25383,37896,92,,,2,,,
2022-01-03,2022-06-19,"Engagement - 3C0508 นอกจากได้ความอร่อย ยังได้พอยท์อีกด้วย !",การมีส่วนร่วม,2022-03-07,2022-03-15,1500,"การคลิกในช่วง 7 วันหรือการดูในช่วง 1 วัน",1164,actions:post_engagement,1.2886597938144,19004,27250,1164,,7,2,,,
2022-01-03,2022-06-19,"Traffic - 3C0510 Promotion ยิ่งช้อปยิ่งคุ้ม (ต้นฤดู+หอมมะลิ100)",การเยี่ยมชม,2022-03-09,2022-03-14,2000,"การคลิกในช่วง 7 วันหรือการดูในช่วง 1 วัน",156,actions:link_click,12.820512820513,27824,49291,207,,64,37,,,
2022-01-03,2022-06-19,"Engagement - 3C0505 ยิ่งหุง ยิ่งสุข : มีพอยท์ในมือแค่ 600 เเลกอะไรได้บ้าง",การมีส่วนร่วม,2022-03-09,2022-03-17,999.97,"การคลิกในช่วง 7 วันหรือการดูในช่วง 1 วัน",614,actions:post_engagement,1.6286156351792,2700,3301,614,,,,,,
2022-01-03,2022-06-19,"Engagement - 3C0509 เป็นเพื่อนกับ LINE ข้าวหงษ์ทอง ดียังไง ?",การมีส่วนร่วม,2022-03-10,2022-03-20,2500,"การคลิกในช่วง 7 วันหรือการดูในช่วง 1 วัน",927,actions:post_engagement,2.6968716289105,47361,68068,927,,,3,,,
2022-01-03,2022-06-19,"Engagement - 3C0507 ชอบแบบนี้ เลือกข้าวแบบไหนดี",การมีส่วนร่วม,2022-03-10,2022-03-20,2000,"การคลิกในช่วง 7 วันหรือการดูในช่วง 1 วัน",1157,actions:post_engagement,1.7286084701815,8294,10458,1157,,2,3,,,
2022-01-03,2022-06-19,"Engagement - HW 3C0513 Darkpost : ของรางวัลอะไรที่คุณอยากได้ สามารถใช้ได้จริง เกิดประโยชน์กับคุณมากที่สุด",การมีส่วนร่วม,2022-03-12,2022-03-16,1500,"การคลิกในช่วง 7 วันหรือการดูในช่วง 1 วัน",658,actions:post_engagement,2.2796352583587,2325,3233,658,,,,,,
2022-01-03,2022-06-19,"Engagement - HW 3C0514	Darkpost : บอกเราได้ไหม ของรางวัลอะไรที่เป็นประโยชน์กับคุณ หรือคนในครอบครัว",การมีส่วนร่วม,2022-03-12,2022-03-16,1500,"การคลิกในช่วง 7 วันหรือการดูในช่วง 1 วัน",638,actions:post_engagement,2.3510971786834,2520,3521,638,,,2,,,
2022-01-03,2022-06-19,"Engagement - RT 3C0513 Darkpost : ของรางวัลอะไรที่คุณอยากได้ สามารถใช้ได้จริง เกิดประโยชน์กับคุณมากที่สุด",การมีส่วนร่วม,2022-03-12,2022-03-16,1000,"การคลิกในช่วง 7 วันหรือการดูในช่วง 1 วัน",44,actions:post_engagement,22.727272727273,30273,51692,44,,2,3,,,
2022-01-03,2022-06-19,"Engagement - RT 3C0514 Darkpost : บอกเราได้ไหม ของรางวัลอะไรที่เป็นประโยชน์กับคุณ หรือคนในครอบครัว",การมีส่วนร่วม,2022-03-12,2022-03-16,1000,"การคลิกในช่วง 7 วันหรือการดูในช่วง 1 วัน",31,actions:post_engagement,32.258064516129,30049,51322,31,,,1,,,
2022-01-03,2022-06-19,"Engagement - 3C0512 ส.ขอนแก่น :มื้ออร่อยดีมีคุณภาพ จาก ส.ขอนแก่น xข้าวหงษ์ทอง",การมีส่วนร่วม,2022-03-12,2022-03-25,3000,"การคลิกในช่วง 7 วันหรือการดูในช่วง 1 วัน",1980,actions:post_engagement,1.5151515151515,10748,17324,1980,,,6,1,1,
2022-01-03,2022-06-19,"Reach - 3C0512 ส.ขอนแก่น :มื้ออร่อยดีมีคุณภาพ จาก ส.ขอนแก่น xข้าวหงษ์ทอง",การเข้าถึง,2022-03-12,2022-03-25,1000,"การคลิกในช่วง 7 วันหรือการดูในช่วง 1 วัน",47920,reach,20.868113522538,47920,68150,67,,,6,,,
2022-01-03,2022-06-19,"Engagement - 3C0607 Promotion HTxส.ขอนแก่น (Ecomm) : จับคู่ความอร่อยx2 ข้าวต้นฤดู แถมหมูฝอยใหญ่ 2ซอง",การมีส่วนร่วม,2022-03-15,2022-03-25,1500,"การคลิกในช่วง 7 วันหรือการดูในช่วง 1 วัน",941,actions:post_engagement,1.5940488841658,3093,4131,941,,,,,,
2022-01-03,2022-06-19,"Traffic - 3C0607 Promotion HTxส.ขอนแก่น (Ecomm) : จับคู่ความอร่อยx2 ข้าวต้นฤดู แถมหมูฝอยใหญ่ 2ซอง",การเยี่ยมชม,2022-03-15,2022-03-25,3000,"การคลิกในช่วง 7 วันหรือการดูในช่วง 1 วัน",212,actions:link_click,14.150943396226,32296,66311,263,,62,47,1,1,
2022-01-03,2022-06-19,"Engagement - 3C0608 Promotion HTxส.ขอนแก่น (Ecomm) : เซตคุ้มอร่อยง่ายๆ ได้ทุกมื้อ (ข้าวถ้วย1 แถมหมูฝอยเล็ก1)",การมีส่วนร่วม,2022-03-15,2022-03-25,1500,"การคลิกในช่วง 7 วันหรือการดูในช่วง 1 วัน",1032,actions:post_engagement,1.453488372093,4466,6119,1032,,3,3,,,
2022-01-03,2022-06-19,"Traffic - 3C0608 Promotion HTxส.ขอนแก่น (Ecomm) : เซตคุ้มอร่อยง่ายๆ ได้ทุกมื้อ (ข้าวถ้วย1 แถมหมูฝอยเล็ก1)",การเยี่ยมชม,2022-03-15,2022-03-25,3000,"การคลิกในช่วง 7 วันหรือการดูในช่วง 1 วัน",199,actions:link_click,15.075376884422,30216,55937,210,,64,47,1,,
2022-01-03,2022-06-19,"Reach - 3C0614 รู้ยัง Line ข้าวหงษ์ทองมี Chat & Shop แล้วน๊าา",การเข้าถึง,2022-03-16,2022-03-30,1000,"การคลิกในช่วง 7 วันหรือการดูในช่วง 1 วัน",41192,reach,24.276558555059,41192,58539,60,,,2,,,
2022-01-03,2022-06-19,"Engagement - 3C0614 รู้ยัง Line ข้าวหงษ์ทองมี Chat & Shop แล้วน๊าา",การมีส่วนร่วม,2022-03-16,2022-03-30,2000,"การคลิกในช่วง 7 วันหรือการดูในช่วง 1 วัน",1173,actions:post_engagement,1.7050298380222,4887,6428,1173,,,,,,
2022-01-03,2022-06-19,"Engagement - 3C0606 ยิ่งหุงยิ่งสุข : ถุงนี้กี่พอยท์ (Lifestyle)",การมีส่วนร่วม,2022-03-16,2022-03-24,1000,"การคลิกในช่วง 7 วันหรือการดูในช่วง 1 วัน",8405,actions:post_engagement,0.11897679952409,14728,26885,8405,1446,1,,,,
2022-01-03,2022-06-19,"Video view - 3C0606 ยิ่งหุงยิ่งสุข : ถุงนี้กี่พอยท์ (Lifestyle)",การรับชมวิดีโอ,2022-03-16,2022-03-24,500,"การคลิกในช่วง 7 วันหรือการดูในช่วง 1 วัน",10680,video_thruplay_watched_actions,0.046816479400749,6900,10780,10711,10680,,,,,
2022-01-03,2022-06-19,"Reach - 3C0602 พร้อมลุยงานได้ทั้งวัน เพียงมี ""ข้าวหอมมะลิ  Ready rice"" ไม่เสียเวลาหุง!! พอยท์เพียง 150 Points",การเข้าถึง,2022-03-16,2022-03-24,500,"การคลิกในช่วง 7 วันหรือการดูในช่วง 1 วัน",25207,reach,19.835759907962,25207,30524,27,,,1,,,
2022-01-03,2022-06-19,"Engagement - 3C0602 พร้อมลุยงานได้ทั้งวัน เพียงมี ""ข้าวหอมมะลิ  Ready rice"" ไม่เสียเวลาหุง!! พอยท์เพียง 150 Points",การมีส่วนร่วม,2022-03-16,2022-03-24,1000,"การคลิกในช่วง 7 วันหรือการดูในช่วง 1 วัน",632,actions:post_engagement,1.5822784810127,2359,2898,632,,,,,,
2022-01-03,2022-06-19,"Reach - 3C0603 จ่ายตลาดยังไงไม่ให้เมื่อย ? มี ""Shopping Trolley"" ลากสบาย ง่ายทุกเว",การเข้าถึง,2022-03-18,2022-03-25,500,"การคลิกในช่วง 7 วันหรือการดูในช่วง 1 วัน",24303,reach,20.573591737646,24303,29597,32,,1,15,,,
2022-01-03,2022-06-19,"Engagement - 3C0603 จ่ายตลาดยังไงไม่ให้เมื่อย ? มี ""Shopping Trolley"" ลากสบาย ง่ายทุกเว",การมีส่วนร่วม,2022-03-18,2022-03-25,999.96,"การคลิกในช่วง 7 วันหรือการดูในช่วง 1 วัน",607,actions:post_engagement,1.6473805601318,3407,4192,607,,,,,,
2022-01-03,2022-06-19,"Reach - 3C0604 เร่งรีบขนาดไหนสุขภาพก็ยังสำคัญ มี ""ข้าวไรซ์เบอร์รี่ Ready Rice"" ติดกระเป๋าไว้ สุขภาพดีได้ทุกมื้อ",การเข้าถึง,2022-03-19,2022-03-26,500,"การคลิกในช่วง 7 วันหรือการดูในช่วง 1 วัน",24224,reach,20.640686922061,24224,29199,37,,,1,,,
2022-01-03,2022-06-19,"Engagement - 3C0604 เร่งรีบขนาดไหนสุขภาพก็ยังสำคัญ มี ""ข้าวไรซ์เบอร์รี่ Ready Rice"" ติดกระเป๋าไว้ สุขภาพดีได้ทุกมื้อ",การมีส่วนร่วม,2022-03-19,2022-03-26,1000,"การคลิกในช่วง 7 วันหรือการดูในช่วง 1 วัน",687,actions:post_engagement,1.4556040756914,2737,3655,687,,,,,,
2022-01-03,2022-06-19,"Reach - 3C0615 HT Reward Final Call!! โค้งสุดท้าย รอไม่ได้แล้ว!!",การเข้าถึง,2022-03-17,2022-03-30,500,"การคลิกในช่วง 7 วันหรือการดูในช่วง 1 วัน",22528,reach,22.194602272727,22528,31028,26,,,3,,,
2022-01-03,2022-06-19,"Engagement - 3C0615 HT Reward Final Call!! โค้งสุดท้าย รอไม่ได้แล้ว!!",การมีส่วนร่วม,2022-03-17,2022-03-30,1499.95,"การคลิกในช่วง 7 วันหรือการดูในช่วง 1 วัน",888,actions:post_engagement,1.6891328828829,3671,5035,888,,,4,,,
2022-01-03,2022-06-19,"Reach - 3C0503 ยิ่งหุง ยิ่งสุข (Online Activity) :บอกหน่อยได้ไหม ของรางวัลอะไรที่ใช่สำหรับคุณ",การเข้าถึง,2022-03-18,2022-03-25,700,"การคลิกในช่วง 7 วันหรือการดูในช่วง 1 วัน",23384,reach,29.934998289429,23384,29475,27,,1,3,,3,
2022-01-03,2022-06-19,"Engagement - 3C0503 ยิ่งหุง ยิ่งสุข (Online Activity) :บอกหน่อยได้ไหม ของรางวัลอะไรที่ใช่สำหรับคุณ",การมีส่วนร่วม,2022-03-18,2022-03-25,900,"การคลิกในช่วง 7 วันหรือการดูในช่วง 1 วัน",554,actions:post_engagement,1.6245487364621,2768,4196,554,,1,13,,,
2022-01-03,2022-06-19,"Reach - 3C0605 ส.ขอนแก่น : ปิกนิกแบบสบายใจ มี Giftset ข้าวถ้วย + ส.ขอนแก่นไว้ อิ่มท้อง เอาอยู่",การเข้าถึง,2022-03-20,2022-03-30,500,"การคลิกในช่วง 7 วันหรือการดูในช่วง 1 วัน",23865,reach,20.951183741881,23865,31182,30,,,,,,
2022-01-03,2022-06-19,"Engagement - 3C0605 ส.ขอนแก่น : ปิกนิกแบบสบายใจ มี Giftset ข้าวถ้วย + ส.ขอนแก่นไว้ อิ่มท้อง เอาอยู่",การมีส่วนร่วม,2022-03-20,2022-03-30,1000,"การคลิกในช่วง 7 วันหรือการดูในช่วง 1 วัน",678,actions:post_engagement,1.4749262536873,3155,4182,678,,1,1,,,
2022-01-03,2022-06-19,"Reach - 3C0601 นับถอยหลัง 10 วันสุดท้ายกับ ยิ่งหุง ยิ่งสุข มีพอยท์ให้รีบแลก",การเข้าถึง,2022-03-21,2022-03-31,700,"การคลิกในช่วง 7 วันหรือการดูในช่วง 1 วัน",29360,reach,23.841961852861,29360,43217,34,,,,,,
2022-01-03,2022-06-19,"Engagement - 3C0601 นับถอยหลัง 10 วันสุดท้ายกับ ยิ่งหุง ยิ่งสุข มีพอยท์ให้รีบแลก",การมีส่วนร่วม,2022-03-21,2022-03-31,1299.95,"การคลิกในช่วง 7 วันหรือการดูในช่วง 1 วัน",778,actions:post_engagement,1.6708868894602,4804,6720,778,,,3,,,
2022-01-03,2022-06-19,"Traffic - IG / Daily post",การเยี่ยมชม,2022-03-22,2022-03-25,1000,"การคลิกในช่วง 7 วันหรือการดูในช่วง 1 วัน",4,actions:link_click,250,1645,2063,540,,,,,,
2022-01-03,2022-06-19,"Engagement - 3C0616 อยู่ที่ไหนก็ไปถึง ข้าวคุณภาพดี ส่งฟรีถึงหน้าบ้าน",การมีส่วนร่วม,2022-03-23,2022-03-30,799.96,"การคลิกในช่วง 7 วันหรือการดูในช่วง 1 วัน",565,actions:post_engagement,1.4158584070796,2515,3435,565,,,,,,
2022-01-03,2022-06-19,"Reach - 3C0616 อยู่ที่ไหนก็ไปถึง ข้าวคุณภาพดี ส่งฟรีถึงหน้าบ้าน",การเข้าถึง,2022-03-23,2022-03-30,400,"การคลิกในช่วง 7 วันหรือการดูในช่วง 1 วัน",28720,reach,13.927576601671,28720,28720,11,,,,,,
2022-01-03,2022-06-19,"Engagement - 3EC0602 JD - March Madness (Dark post)",การมีส่วนร่วม,2022-03-24,2022-03-29,700,"การคลิกในช่วง 7 วันหรือการดูในช่วง 1 วัน",470,actions:post_engagement,1.4893617021277,2489,3182,470,,,2,,,
2022-01-03,2022-06-19,"Reach - 3EC0602 JD - March Madness (Dark post)",การเข้าถึง,2022-03-24,2022-03-29,300,"การคลิกในช่วง 7 วันหรือการดูในช่วง 1 วัน",22036,reach,13.614086041024,22036,22095,21,,,1,,,
2022-01-03,2022-06-19,"Engagement - 3C0617 ยิ่งหุงยิ่งสุข : แลกของรางวัลแล้ว อดใจรอไม่เกิน 14 วัน รอรับของรางวัลสุดคูลที่หน้าบ้าน",การมีส่วนร่วม,2022-03-25,2022-03-31,700,"การคลิกในช่วง 7 วันหรือการดูในช่วง 1 วัน",405,actions:post_engagement,1.7283950617284,1546,2058,405,,2,1,,,
2022-01-03,2022-06-19,"Reach - 3C0617 ยิ่งหุงยิ่งสุข : แลกของรางวัลแล้ว อดใจรอไม่เกิน 14 วัน รอรับของรางวัลสุดคูลที่หน้าบ้าน",การเข้าถึง,2022-03-25,2022-03-31,300,"การคลิกในช่วง 7 วันหรือการดูในช่วง 1 วัน",13488,reach,22.241992882562,13488,18118,13,,,,,,
2022-01-03,2022-06-19,"Reach - 3EC0603	Lazada Birthday ช้อปสนุก สุขเต็ม10",การเข้าถึง,2022-03-26,2022-03-30,300,"การคลิกในช่วง 7 วันหรือการดูในช่วง 1 วัน",20632,reach,14.540519581233,20632,20880,20,,,,,,
2022-01-03,2022-06-19,"Engagement - 3EC0603 Lazada Birthday ช้อปสนุก สุขเต็ม10",การมีส่วนร่วม,2022-03-26,2022-03-30,700,"การคลิกในช่วง 7 วันหรือการดูในช่วง 1 วัน",505,actions:post_engagement,1.3861386138614,5244,7387,505,,,3,,,
2022-01-03,2022-06-19,"Engagement - BCTSB30 ""ยกระดับมื้อพิเศษของคุณ ด้วยไอเทมพิเศษ - Dark post""",การมีส่วนร่วม,2021-12-01,2021-12-15,0,"การคลิกในช่วง 7 วันหรือการดูในช่วง 1 วัน",,,,0,0,,,,,,,
2022-01-03,2022-06-19,"Engagement - 2C2403 เสียงของชาวนา โครงการหงษ์ทองนาหยอด (ความเห็นของชาวนาต่อนาหยอด)",การมีส่วนร่วม,2021-12-02,2021-12-15,0,"การคลิกในช่วง 7 วันหรือการดูในช่วง 1 วัน",,,,0,0,,,,,,,
2022-01-03,2022-06-19,"Engagement - BCTSB31 Online Activity :แชร์สูตรเมนูที่ใช่ จากหม้อที่ชอบ",การมีส่วนร่วม,2021-12-02,2021-12-10,0,"การคลิกในช่วง 7 วันหรือการดูในช่วง 1 วัน",,,,0,0,,,,,,,
2022-01-03,2022-06-19,"Reach - 2C2311 แลกอันนี้ ใช้กี่พอยท์ !! ?",การเข้าถึง,2021-12-03,2021-12-13,0,"การคลิกในช่วง 7 วันหรือการดูในช่วง 1 วัน",0,reach,,0,0,,,,,,,
2022-01-03,2022-06-19,"Engagement - 2C2311 แลกอันนี้ ใช้กี่พอยท์ !! ?",การมีส่วนร่วม,2021-12-03,2021-12-13,0,"การคลิกในช่วง 7 วันหรือการดูในช่วง 1 วัน",,,,0,0,,,,,,,
2022-01-03,2022-06-19,"Engagement - 2C2411 Online Activity 1ปี มีให้รีวิว เพียงหนึ่งครั้ง",การมีส่วนร่วม,2021-12-04,2021-12-18,0,"การคลิกในช่วง 7 วันหรือการดูในช่วง 1 วัน",,,,0,0,,,,,,,
2022-01-03,2022-06-19,"Engagement - 2C2317 ข้าวหงษ์ทอง ยิ่งหุง ยิ่งสุข ยิ่งสะสมพอยท์ ยิ่งสนุกกับการแลก!",การมีส่วนร่วม,2021-12-05,2021-12-15,0,"การคลิกในช่วง 7 วันหรือการดูในช่วง 1 วัน",,,,0,0,,,,,,,
2022-01-03,2022-06-19,"Engagement - 2C2306 Video Content - Cooking by Chef Gig",การมีส่วนร่วม,2021-12-05,2021-12-20,0,"การคลิกในช่วง 7 วันหรือการดูในช่วง 1 วัน",,,,0,0,,,,,,,
2022-01-03,2022-06-19,"Video view - 2C2306 Video Content - Cooking by Chef Gig",การรับชมวิดีโอ,2021-12-05,2021-12-20,0,"การคลิกในช่วง 7 วันหรือการดูในช่วง 1 วัน",,,,0,0,,,,,,,
2022-01-03,2022-06-19,"Engagement - 2C2508 Promotion Gift Set ข้าวใหม่เกี่ยวสด 6-15 Dec 4 Box",การมีส่วนร่วม,2021-12-06,2021-12-15,0,"การคลิกในช่วง 7 วันหรือการดูในช่วง 1 วัน",,,,0,0,,,,,,,
2022-01-03,2022-06-19,"Engagement - 2C2507 Promotion Gift Set ข้าวใหม่เกี่ยวสด 6-15 Dec 1 Box (DP)",การมีส่วนร่วม,2021-12-06,2021-12-15,0,"การคลิกในช่วง 7 วันหรือการดูในช่วง 1 วัน",,,,0,0,,,,,,,
2022-01-03,2022-06-19,"Engagement - 2C2501 (Single Post) Repost : ทิ้งถุง ได้แบบอุ่นใจ ถ่ายรูปรหัสในถุงข้าวทุกครั้ง หลังสแกน!!!",การมีส่วนร่วม,2021-12-08,2021-12-15,0,"การคลิกในช่วง 7 วันหรือการดูในช่วง 1 วัน",,,,0,0,,,,,,,
2022-01-03,2022-06-19,"Engagement - 2C2510 ส่งท้ายปีกับข้าวที่ดีที่สุด มอบข้าวหอมมะลิใหม่ต้นฤดู100% Limited Edition",การมีส่วนร่วม,2021-12-10,2021-12-20,0,"การคลิกในช่วง 7 วันหรือการดูในช่วง 1 วัน",,,,0,0,,,,,,,
2022-01-03,2022-06-19,"Engagement - TGS01 Video Gift set ข้าวใหม่เกี่ยวสด Ver.1 (DP)",การมีส่วนร่วม,2021-12-11,2021-12-15,0,"การคลิกในช่วง 7 วันหรือการดูในช่วง 1 วัน",,,,0,0,,,,,,,
2022-01-03,2022-06-19,"Engagement - TGS02	Video Gift set ข้าวใหม่เกี่ยวสด Ver.2 (DP)",การมีส่วนร่วม,2021-12-11,2021-12-15,0,"การคลิกในช่วง 7 วันหรือการดูในช่วง 1 วัน",,,,0,0,,,,,,,
2022-01-03,2022-06-19,"Video view - 2C2516 Rice Expert : Riety แปลงนาหยอด , ข้าวหอมมะลิใหม่ต้นฤดู100% Limited Edition",การรับชมวิดีโอ,2021-12-10,2021-12-10,0,"การคลิกในช่วง 7 วันหรือการดูในช่วง 1 วัน",,,,0,0,,,,,,,
2022-01-03,2022-06-19,"Video view - 2C2516 Rice Expert : Riety แปลงนาหยอด , ข้าวหอมมะลิใหม่ต้นฤดู100% Limited Edition",การรับชมวิดีโอ,2021-12-10,2021-12-26,0,"การคลิกในช่วง 7 วันหรือการดูในช่วง 1 วัน",,,,0,0,,,,,,,
2022-01-03,2022-06-19,"Engagement - 2C2516 Rice Expert : Riety แปลงนาหยอด , ข้าวหอมมะลิใหม่ต้นฤดู100% Limited Edition",การมีส่วนร่วม,2021-12-10,2021-12-26,0,"การคลิกในช่วง 7 วันหรือการดูในช่วง 1 วัน",,,,0,0,,,,,,,
2022-01-03,2022-06-19,"Engagement -  BCTSB08 เคล็ดไม่ลับ ดูแลหม้อหุงข้าวให้อยู่กับเรานานๆ",การมีส่วนร่วม,2021-12-10,2021-12-17,0,"การคลิกในช่วง 7 วันหรือการดูในช่วง 1 วัน",,,,0,0,,,,,,,
2022-01-03,2022-06-19,"Reach - 2C2505 7 วิธีใช้คูปองเงินสด Hongthong E-Voucher (Online Shop)",การเข้าถึง,2021-12-10,2021-12-17,0,"การคลิกในช่วง 7 วันหรือการดูในช่วง 1 วัน",0,reach,,0,0,,,,,,,
2022-01-03,2022-06-19,"Engagement - 2C2505 7 วิธีใช้คูปองเงินสด Hongthong E-Voucher (Online Shop)",การมีส่วนร่วม,2021-12-10,2021-12-17,0,"การคลิกในช่วง 7 วันหรือการดูในช่วง 1 วัน",,,,0,0,,,,,,,
2022-01-03,2022-06-19,"Engagement - 2C2511 (Photo album) รีวิว Giftset ข้าวใหม่เกี่ยวสด",การมีส่วนร่วม,2021-12-11,2021-12-15,0,"การคลิกในช่วง 7 วันหรือการดูในช่วง 1 วัน",,,,0,0,,,,,,,
2022-01-03,2022-06-19,"Engagement - 2C2513 Flash sale 12.12 ลดพิเศษ ส่งท้ายปี (All)",การมีส่วนร่วม,2021-12-11,2021-12-13,0,"การคลิกในช่วง 7 วันหรือการดูในช่วง 1 วัน",,,,0,0,,,,,,,
2022-01-03,2022-06-19,"Engagement - 2C2514 Flash sale 12.12 ลดพิเศษ ส่งท้ายปี (Limited)",การมีส่วนร่วม,2021-12-11,2021-12-13,0,"การคลิกในช่วง 7 วันหรือการดูในช่วง 1 วัน",,,,0,0,,,,,,,
2022-01-03,2022-06-19,"Engagement - EC2501 JD Best of joy, Best of the year",การมีส่วนร่วม,2021-12-13,2021-12-15,0,"การคลิกในช่วง 7 วันหรือการดูในช่วง 1 วัน",,,,0,0,,,,,,,
2022-01-03,2022-06-19,"Reach - EC2501 JD Best of joy, Best of the year",การเข้าถึง,2021-12-13,2021-12-15,0,"การคลิกในช่วง 7 วันหรือการดูในช่วง 1 วัน",0,reach,,0,0,,,,,,,
2022-01-03,2022-06-19,"Engagement - BCTSB19 หม้อหุงข้าว ทำได้มากกว่าหม้อหุงข้าว",การมีส่วนร่วม,2021-12-15,2021-12-23,0,"การคลิกในช่วง 7 วันหรือการดูในช่วง 1 วัน",,,,0,0,,,,,,,
2022-01-03,2022-06-19,"Engagement - 2C2518 World Best Rice Award : ข้าวหงษ์ทอง",การมีส่วนร่วม,2021-12-16,2021-12-22,0,"การคลิกในช่วง 7 วันหรือการดูในช่วง 1 วัน",,,,0,0,,,,,,,
2022-01-03,2022-06-19,"Engagement - 2C2517 วิธีแนบรูปรหัส เพื่อแลกพอยท์",การมีส่วนร่วม,2021-12-17,2021-12-25,0,"การคลิกในช่วง 7 วันหรือการดูในช่วง 1 วัน",,,,0,0,,,,,,,
2022-01-03,2022-06-19,"Engagement - 2C2604 โอกาสพิเศษ ต้อนรับปีใหม่ ใช้พอยท์น้อยลง แลก Gift set ข้าวถ้วยเหลือเพียง 500 พอยท์",การมีส่วนร่วม,2021-12-17,2021-12-21,0,"การคลิกในช่วง 7 วันหรือการดูในช่วง 1 วัน",,,,0,0,,,,,,,
2022-01-03,2022-06-19,"Reach - 2C2604 โอกาสพิเศษ ต้อนรับปีใหม่ ใช้พอยท์น้อยลง แลก Gift set ข้าวถ้วยเหลือเพียง 500 พอยท์",การเข้าถึง,2021-12-17,2021-12-21,0,"การคลิกในช่วง 7 วันหรือการดูในช่วง 1 วัน",0,reach,,0,0,,,,,,,
2022-01-03,2022-06-19,"Engagement - BCTSB22 หุงข้าวใหม่ ฉบับมือใหม่ก็ทำได้",การมีส่วนร่วม,2021-12-18,2021-12-24,0,"การคลิกในช่วง 7 วันหรือการดูในช่วง 1 วัน",,,,0,0,,,,,,,
2022-01-03,2022-06-19,"Reach - 2C2506 ประกาศหยุดส่งสินค้าพรีเมียมวันที่ 22-3 ม.ค 65",การเข้าถึง,2021-12-21,2022-01-02,0,"การคลิกในช่วง 7 วันหรือการดูในช่วง 1 วัน",0,reach,,0,0,,,,6,2,,
2022-01-03,2022-06-19,"Engagement - BCTSB24 52 ปี TOSHIBA และ 85 ปี ข้าวหงษ์ทอง �สร้างสรรค์คุณค่าจากข้าวไทย เพื่อนำสิ่งที่ดีสู่ชีวิต",การมีส่วนร่วม,2021-12-17,2021-12-26,0,"การคลิกในช่วง 7 วันหรือการดูในช่วง 1 วัน",,,,0,0,,,,,,,
2022-01-03,2022-06-19,"Reach - BCTSB24 52 ปี TOSHIBA และ 85 ปี ข้าวหงษ์ทอง �สร้างสรรค์คุณค่าจากข้าวไทย เพื่อนำสิ่งที่ดีสู่ชีวิต",การเข้าถึง,2021-12-17,2021-12-26,0,"การคลิกในช่วง 7 วันหรือการดูในช่วง 1 วัน",0,reach,,0,0,,,,,,,
2022-01-03,2022-06-19,"Engagement - 2C2601 Promotion : 20 Dec - 4 Jan Limited Edition โอกาสสุดท้ายของปี!",การมีส่วนร่วม,2021-12-20,2022-01-04,226.78,"การคลิกในช่วง 7 วันหรือการดูในช่วง 1 วัน",179,actions:post_engagement,1.2669273743017,1784,2066,179,,3,2,1,,
2022-01-03,2022-06-19,"Engagement - 2C2512 ไม่ช้อปปีนี้ ได้ช้อปอีกทีปี้หน้า!! ข้าวหอมมะลิใหม่ต้นฤดู 100% Limited Edition 1 ปี มีครั้งเดียว",การมีส่วนร่วม,2021-12-20,2021-12-30,0,"การคลิกในช่วง 7 วันหรือการดูในช่วง 1 วัน",,,,0,0,,,,,,,
2022-01-03,2022-06-19,"Engagement - BCTSB23 ถ้าเราทำ ต้องดีที่สุดเสมอ",การมีส่วนร่วม,2021-12-20,2021-12-26,0,"การคลิกในช่วง 7 วันหรือการดูในช่วง 1 วัน",,,,0,0,,,,,,,
2022-01-03,2022-06-19,"Engagement - 2C2503 ตุ๊กตาหมอนผ้าห่มลายแมว",การมีส่วนร่วม,2021-12-22,2021-12-30,0,"การคลิกในช่วง 7 วันหรือการดูในช่วง 1 วัน",,,,0,0,,,,,,,
2022-01-03,2022-06-19,"Engagement - BCTSB09 ของขวัญสุดพิเศษแด่คนพิเศษ",การมีส่วนร่วม,2021-12-22,2021-12-28,0,"การคลิกในช่วง 7 วันหรือการดูในช่วง 1 วัน",,,,0,0,,,,,,,
2022-01-03,2022-06-19,"Reach - BCTSB09 ของขวัญสุดพิเศษแด่คนพิเศษ",การเข้าถึง,2021-12-22,2021-12-28,0,"การคลิกในช่วง 7 วันหรือการดูในช่วง 1 วัน",0,reach,,0,0,,,,,,,
2022-01-03,2022-06-19,"Reach - 2C2608 ข้าวหงษ์ทอง Save ร้านอาหาร",การเข้าถึง,2021-12-25,2022-01-05,113.82,"การคลิกในช่วง 7 วันหรือการดูในช่วง 1 วัน",13036,reach,8.7312058913777,13036,13084,20,,,1,,,
2022-01-03,2022-06-19,"Engagement - 2C2608 ข้าวหงษ์ทอง Save ร้านอาหาร",การมีส่วนร่วม,2021-12-25,2022-01-05,356.46,"การคลิกในช่วง 7 วันหรือการดูในช่วง 1 วัน",396,actions:post_engagement,0.90015151515152,4334,5243,396,,,1,,,
2022-01-03,2022-06-19,"Engagement - 2C2502 (Photo Album) Function กล่องใส่ข้าวสาร",การมีส่วนร่วม,2021-12-25,2022-01-03,101.25,"การคลิกในช่วง 7 วันหรือการดูในช่วง 1 วัน",240,actions:post_engagement,0.421875,5100,5324,240,,1,2,,,
2022-01-03,2022-06-19,"Engagement - 2C2605 Educated: World's Best Rice Award ข้าวหอมมะลิโลกคืออะไร ? (ประวัติ)",การมีส่วนร่วม,2021-12-25,2022-01-03,40.71,"การคลิกในช่วง 7 วันหรือการดูในช่วง 1 วัน",52,actions:post_engagement,0.78288461538462,790,818,52,,,,,,
2022-01-03,2022-06-19,"Engagement - 2C2606 World's Best Rice Award ผู้ชนะการประกวดข้าวโลก ตั้งแต่ครั้งที่ 1 - 13",การมีส่วนร่วม,2021-12-25,2022-01-03,54.27,"การคลิกในช่วง 7 วันหรือการดูในช่วง 1 วัน",364,actions:post_engagement,0.14909340659341,4158,4188,364,,,,,,
2022-01-03,2022-06-19,"Reach - 2C2607 ประกาศหยุดส่งของในช่วงเทศกาลปีใหม่",การเข้าถึง,2021-12-27,2022-01-03,0,"การคลิกในช่วง 7 วันหรือการดูในช่วง 1 วัน",0,reach,,0,0,,,,,,,
2022-01-03,2022-06-19,"Reach - 2C2602 ขอบคุณลูกค้า สิ้นปี",การเข้าถึง,2021-12-31,2022-01-01,0,"การคลิกในช่วง 7 วันหรือการดูในช่วง 1 วัน",0,reach,,0,0,,,,1,,2,
2022-01-03,2022-06-19,"Engagement - 2C2504 (Photo Album) เครื่องบดไฟฟ้าไร้สาย",การมีส่วนร่วม,2021-12-27,2022-01-05,289.9,"การคลิกในช่วง 7 วันหรือการดูในช่วง 1 วัน",804,actions:post_engagement,0.36057213930348,12040,13858,804,,3,3,,,
2022-01-03,2022-06-19,"Engagement - 2C2602 ขอบคุณลูกค้า สิ้นปี",การมีส่วนร่วม,2021-12-31,2022-01-01,0,"การคลิกในช่วง 7 วันหรือการดูในช่วง 1 วัน",,,,0,0,,,,,,,
2022-01-03,2022-06-19,"Reach - 2C2603 Happy New Year 2022",การเข้าถึง,2022-01-01,2022-01-02,0,"การคลิกในช่วง 7 วันหรือการดูในช่วง 1 วัน",0,reach,,0,0,,,,1,,,
2022-01-03,2022-06-19,"Engagement - 2C2603 Happy New Year 2022",การมีส่วนร่วม,2022-01-01,2022-01-02,0,"การคลิกในช่วง 7 วันหรือการดูในช่วง 1 วัน",,,,0,0,,,,,,,
2022-01-03,2022-06-19,"Engagement - 3C0101 ปีชง 2565 มีปีอะไรบ้าง?",การมีส่วนร่วม,2022-01-03,2022-01-12,1500,"การคลิกในช่วง 7 วันหรือการดูในช่วง 1 วัน",6631,actions:post_engagement,0.22621022470216,56676,78813,6631,,,1,,,
2022-01-03,2022-06-19,"Engagement - 3C0102 ตารางปฎิทินวันตรุษจีน",การมีส่วนร่วม,2022-01-05,2022-01-26,1800,"การคลิกในช่วง 7 วันหรือการดูในช่วง 1 วัน",3422,actions:post_engagement,0.5260081823495,49167,84421,3422,,2,12,1,2,
2022-01-03,2022-06-19,"Reach - 3C0102 ตารางปฎิทินวันตรุษจีน",การเข้าถึง,2022-01-05,2022-01-20,500,"การคลิกในช่วง 7 วันหรือการดูในช่วง 1 วัน",49632,reach,10.074145712444,49632,54630,192,,,5,,,
2022-01-03,2022-06-19,"Engagement - 3C0104 ทริคแก้ปีชง สบายใจ ราบรื่นตลอดปี (aw)",การมีส่วนร่วม,2022-01-06,2022-01-15,1000,"การคลิกในช่วง 7 วันหรือการดูในช่วง 1 วัน",3092,actions:post_engagement,0.32341526520052,27959,46582,3092,,2,2,,,
2022-01-03,2022-06-19,"Engagement - 3C0111 Promotion กระเช้าหงษ์ทอง 5-15 Jan (Darkpost)",การมีส่วนร่วม,2022-01-06,2022-01-15,1000,"การคลิกในช่วง 7 วันหรือการดูในช่วง 1 วัน",856,actions:post_engagement,1.1682242990654,4828,8083,856,,,1,,,
2022-01-03,2022-06-19,"Engagement - 3C0105 ฤกษ์ไหว้เทพเจ้าไฉ่ซิงเอี้ย รับทรัพย์ตลอดปี",การมีส่วนร่วม,2022-01-10,2022-01-18,1200,"การคลิกในช่วง 7 วันหรือการดูในช่วง 1 วัน",3755,actions:post_engagement,0.31957390146471,30607,45284,3755,,5,4,,4,
2022-01-03,2022-06-19,"Engagement - 3C0110 ข้าวหอมมะลิใหม่ต้นฤดู​100% ตราหงษ์ทอง หอมกว่านุ่มกว่า 2 เท่า เสริมสิริมงคล 2 เท่า",การมีส่วนร่วม,2022-01-10,2022-01-17,1000,"การคลิกในช่วง 7 วันหรือการดูในช่วง 1 วัน",758,actions:post_engagement,1.3192612137203,4223,5974,758,,2,5,1,,
2022-01-03,2022-06-19,"Engagement - 3C0107 Q&A กับอาจารย์ช้าง ทศพร ลุ้น!อาจเป็นคำถามของคุณ",การมีส่วนร่วม,2022-01-12,2022-01-17,1600,"การคลิกในช่วง 7 วันหรือการดูในช่วง 1 วัน",1150,actions:post_engagement,1.3913043478261,9609,12637,1150,,1,4,,,
2022-01-03,2022-06-19,"Engagement - 3C0106 แผ่นทองมงคลเทพเจ้าไฉ่ซิงเอี้ย มีติดไว้เสริมสิริมงคล (รูปจริง)",การมีส่วนร่วม,2022-01-13,2022-01-25,1500,"การคลิกในช่วง 7 วันหรือการดูในช่วง 1 วัน",1212,actions:post_engagement,1.2376237623762,9726,14352,1212,,7,19,3,3,
2022-01-03,2022-06-19,"Engagement - 3C0113 Promotion 13-17 ข้าวหอมมะลิใหม่ 799.-",การมีส่วนร่วม,2022-01-13,2022-01-17,1000,"การคลิกในช่วง 7 วันหรือการดูในช่วง 1 วัน",649,actions:post_engagement,1.5408320493066,3096,4113,649,,1,1,,,
2022-01-03,2022-06-19,"Engagement - 3EC0101 Hongthong x Singha โปรปังดีลเด็ด ต้อนรับตรุษจีน",การมีส่วนร่วม,2022-01-14,2022-01-16,1500,"การคลิกในช่วง 7 วันหรือการดูในช่วง 1 วัน",950,actions:post_engagement,1.5789473684211,3224,4139,950,,,,,,
2022-01-03,2022-06-19,"Reach - 3EC0101 Hongthong x Singha โปรปังดีลเด็ด ต้อนรับตรุษจีน",การเข้าถึง,2022-01-14,2022-01-16,500,"การคลิกในช่วง 7 วันหรือการดูในช่วง 1 วัน",41718,reach,11.985234191476,41718,41718,22,,1,,,,
2022-01-03,2022-06-19,"Engagement - 3C0103 Checklist ของไหว้เจ้าตรุษจีน ในปี 2565 (aw)",การมีส่วนร่วม,2022-01-15,2022-01-22,211.66,"การคลิกในช่วง 7 วันหรือการดูในช่วง 1 วัน",667,actions:post_engagement,0.31733133433283,5688,6542,667,,,,,,
2022-01-03,2022-06-19,"Engagement - 3C0112 รวมอาหารมงคล ไหว้บรรพบุรุษ ในเทศกาลตรุษจีน ในปี 2565",การมีส่วนร่วม,2022-01-17,2022-01-27,1500,"การคลิกในช่วง 7 วันหรือการดูในช่วง 1 วัน",2496,actions:post_engagement,0.60096153846154,34386,60257,2496,,1,17,2,1,
2022-01-03,2022-06-19,"Engagement - 3C0108 PR Hongthong LIVE! หอมกว่านุ่มกว่า 2 เท่า เสริมสิริมงคล 2 เท่ากับอาจารย์ช้าง",การมีส่วนร่วม,2022-01-14,2022-01-18,1000,"การคลิกในช่วง 7 วันหรือการดูในช่วง 1 วัน",650,actions:post_engagement,1.5384615384615,2364,3366,650,,,2,,,
2022-01-03,2022-06-19,"Reach - 3C0108 PR Hongthong LIVE! หอมกว่านุ่มกว่า 2 เท่า เสริมสิริมงคล 2 เท่ากับอาจารย์ช้าง",การเข้าถึง,2022-01-14,2022-01-18,500,"การคลิกในช่วง 7 วันหรือการดูในช่วง 1 วัน",41080,reach,12.171372930867,41080,41080,34,,,,,,
2022-01-03,2022-06-19,"Engagement - 3C0114 แผ่นทองมงคลเทพเจ้าไฉ่ซิงเอี้ย Benefit with promo",การมีส่วนร่วม,2022-01-14,2022-01-14,0,"การคลิกในช่วง 7 วันหรือการดูในช่วง 1 วัน",,,,0,0,,,,,,,
2022-01-03,2022-06-19,"Engagement - 3C0114 แผ่นทองมงคลเทพเจ้าไฉ่ซิงเอี้ย Benefit with promo",การมีส่วนร่วม,2022-01-15,2022-01-17,600,"การคลิกในช่วง 7 วันหรือการดูในช่วง 1 วัน",470,actions:post_engagement,1.2765957446809,5068,6145,470,,2,4,1,,
2022-01-03,2022-06-19,"Reach - 3C0106 แผ่นทองมงคลเทพเจ้าไฉ่ซิงเอี้ย มีติดไว้เสริมสิริมงคล (รูปจริง)",การเข้าถึง,2022-01-14,2022-01-20,500,"การคลิกในช่วง 7 วันหรือการดูในช่วง 1 วัน",41374,reach,12.084884226809,41374,41374,31,,1,,,,
2022-01-03,2022-06-19,"Engagement - 3C0201 VDO EP.1 ฤกษ์ไหว้เจ้า และพิธีไหว้ขอพรรับปีเสือ",การมีส่วนร่วม,2022-01-16,2022-01-29,18000,"การคลิกในช่วง 7 วันหรือการดูในช่วง 1 วัน",157486,actions:post_engagement,0.11429587391895,225540,587277,157486,36242,,8,,,
2022-01-03,2022-06-19,"Video view - 3C0201 VDO EP.1 ฤกษ์ไหว้เจ้า และพิธีไหว้ขอพรรับปีเสือ",การรับชมวิดีโอ,2022-01-16,2022-01-29,5000,"การคลิกในช่วง 7 วันหรือการดูในช่วง 1 วัน",44443,video_thruplay_watched_actions,0.11250365636883,42054,55345,49391,44443,,,,1,
2022-01-03,2022-06-19,"Video view - 3C0218 Pr Live วิดิโออาจารย์ช้าง เชิญชวนรับชม Live",การรับชมวิดีโอ,2022-01-17,2022-01-18,250,"การคลิกในช่วง 7 วันหรือการดูในช่วง 1 วัน",4904,video_thruplay_watched_actions,0.050978792822186,3700,5005,4933,4904,,,,,
2022-01-03,2022-06-19,"Engagement - 3C0218 Pr Live วิดิโออาจารย์ช้าง เชิญชวนรับชม Live",การมีส่วนร่วม,2022-01-17,2022-01-18,250,"การคลิกในช่วง 7 วันหรือการดูในช่วง 1 วัน",3188,actions:post_engagement,0.078419071518193,11016,11270,3188,925,1,1,,,
2022-01-03,2022-06-19,"Engagement - 3C0219 PR Hongthong LIVE! x อาจารย์ช้าง (งานกิจกรรม)",การตอบรับงานกิจกรรม,2022-01-17,2022-01-18,833.1,"การคลิกในช่วง 7 วันหรือการดูในช่วง 1 วัน",15,actions:rsvp,55.54,9734,12396,48,,,23,,2,
2022-01-03,2022-06-19,"Engagement - 3C0109 เคล็ดลับเสริมความมงคลตลอดปี ข้าวเต็มถัง เงินเต็มถุง (รูปจริง)",การมีส่วนร่วม,2022-01-18,2022-01-25,1000,"การคลิกในช่วง 7 วันหรือการดูในช่วง 1 วัน",1691,actions:post_engagement,0.59136605558841,11216,17307,1691,,1,1,,,
2022-01-03,2022-06-19,"Video view - 3C0220 Video ข้าวเต็มถัง เงินเต็มถุง (Bumper)",การรับชมวิดีโอ,2022-01-18,2022-02-01,5000,"การคลิกในช่วง 7 วันหรือการดูในช่วง 1 วัน",60396,video_thruplay_watched_actions,0.082786939532419,28910,63608,62713,60396,28,38,,,
2022-01-03,2022-06-19,"Engagement - 3C0219 PR Hongthong LIVE! x อาจารย์ช้าง (งานกิจกรรม) 2",การตอบรับงานกิจกรรม,2022-01-18,2022-01-18,0,"การคลิกในช่วง 7 วันหรือการดูในช่วง 1 วัน",,,,0,0,,,,,,,
2022-01-03,2022-06-19,"โพสต์: ""เตรียมพบกับความพิเศษส่งตรง""",การรับชมวิดีโอ,2022-01-18,2022-01-18,2000,"การคลิกในช่วง 7 วันหรือการดูในช่วง 1 วัน",1472,video_thruplay_watched_actions,1.3586956521739,54866,56811,9665,1472,,,,,
2022-01-03,2022-06-19,"Engagement - 3C0221 โปรพิเศษ FB Live",การมีส่วนร่วม,2022-01-18,2022-01-19,5000,"การคลิกในช่วง 7 วันหรือการดูในช่วง 1 วัน",909,actions:post_engagement,5.5005500550055,71312,74260,909,,,15,3,3,
2022-01-03,2022-06-19,"Engagement - 3C0103 Checklist ของไหว้เจ้าตรุษจีน ในปี 2565 (aw) - revise",การมีส่วนร่วม,2022-01-19,2022-01-27,1000,"การคลิกในช่วง 7 วันหรือการดูในช่วง 1 วัน",3539,actions:post_engagement,0.28256569652444,28262,38438,3539,,13,11,,,
2022-01-03,2022-06-19,"Engagement - 3C0211 (ยิ่งหุง ยิ่งสุข) เหลือเวลาสะสมพอยท์ 3 เดือนสุดท้าย!",การมีส่วนร่วม,2022-01-19,2022-02-27,13500,"การคลิกในช่วง 7 วันหรือการดูในช่วง 1 วัน",9009,actions:post_engagement,1.4985014985015,41823,88259,9009,,4,10,1,,
2022-01-03,2022-06-19,"Reach - 3C0211 (ยิ่งหุง ยิ่งสุข) เหลือเวลาสะสมพอยท์ 3 เดือนสุดท้าย!",การเข้าถึง,2022-01-19,2022-02-27,4000,"การคลิกในช่วง 7 วันหรือการดูในช่วง 1 วัน",144278,reach,27.724254564105,144278,357298,226,,7,23,2,1,
2022-01-03,2022-06-19,"Engagement - 3C0217 Online Activity ข้าวหงษ์ทองเสริมสิริมงคล",การมีส่วนร่วม,2022-01-20,2022-02-01,1500,"การคลิกในช่วง 7 วันหรือการดูในช่วง 1 วัน",823,actions:post_engagement,1.8226002430134,2939,4164,823,,1,3,,,
2022-01-03,2022-06-19,"Engagement - 3C0209 ถอดรหัสถุงข้าวมงคล ปี 2022",การมีส่วนร่วม,2022-01-21,2022-01-28,1000,"การคลิกในช่วง 7 วันหรือการดูในช่วง 1 วัน",670,actions:post_engagement,1.4925373134328,3162,4524,670,,2,4,,,
2022-01-03,2022-06-19,"Video view - 3C0203 VDO EP.2 การไหว้เทพเจ้าไฉ่ซิงเอี๊ย",การรับชมวิดีโอ,2022-01-21,2022-01-31,5000,"การคลิกในช่วง 7 วันหรือการดูในช่วง 1 วัน",42585,video_thruplay_watched_actions,0.11741223435482,38285,50661,46064,42585,,,,,
2022-01-03,2022-06-19,"Engagement - 3C0203 VDO EP.2 การไหว้เทพเจ้าไฉ่ซิงเอี๊ย",การมีส่วนร่วม,2022-01-21,2022-02-02,18000,"การคลิกในช่วง 7 วันหรือการดูในช่วง 1 วัน",134556,actions:post_engagement,0.13377329884955,167157,506453,134556,21981,,8,,2,
2022-01-03,2022-06-19,"Engagement - 3C0222 Onine Activity แชะมาโชว์ เจอเราที่ไหน",การมีส่วนร่วม,2022-01-22,2022-02-05,1500,"การคลิกในช่วง 7 วันหรือการดูในช่วง 1 วัน",771,actions:post_engagement,1.9455252918288,3154,4692,771,,,,,,
2022-01-03,2022-06-19,"Reach - 3C0222 Onine Activity แชะมาโชว์ เจอเราที่ไหน",การเข้าถึง,2022-01-22,2022-02-05,1000,"การคลิกในช่วง 7 วันหรือการดูในช่วง 1 วัน",58100,reach,17.211703958692,58100,65584,21,,,,,,
2022-01-03,2022-06-19,"Engagement - 3C0213 (ยิ่งหุง ยิ่งสุข) เปลี่ยนถุงข้าวเป็นพอยท์ และรับ Vocher ใช้แทนเงินสดได้ทันที",การมีส่วนร่วม,2022-01-22,2022-01-29,1200,"การคลิกในช่วง 7 วันหรือการดูในช่วง 1 วัน",821,actions:post_engagement,1.4616321559074,3997,5514,821,,1,4,,,
2022-01-03,2022-06-19,"Engagement - 3C0206 รู้หรือไม่!! วันตรุษจีนทำไมต้องสีแดง?",การมีส่วนร่วม,2022-01-23,2022-01-31,1000,"การคลิกในช่วง 7 วันหรือการดูในช่วง 1 วัน",1709,actions:post_engagement,0.58513750731422,13618,22044,1709,,1,1,,,
2022-01-03,2022-06-19,"Reach - 3C0214 (ยิ่งหุง ยิ่งสุข) จัดอันดับของรางวัลสุดฮิต ที่มีคนแลกมากที่สุด 5 อันดับ",การเข้าถึง,2022-01-24,2022-01-31,400,"การคลิกในช่วง 7 วันหรือการดูในช่วง 1 วัน",19460,reach,20.554984583762,19460,28189,30,,,4,,,
2022-01-03,2022-06-19,"Engagement - 3C0214 (ยิ่งหุง ยิ่งสุข) จัดอันดับของรางวัลสุดฮิต ที่มีคนแลกมากที่สุด 5 อันดับ",การมีส่วนร่วม,2022-01-24,2022-01-31,800,"การคลิกในช่วง 7 วันหรือการดูในช่วง 1 วัน",630,actions:post_engagement,1.2698412698413,6726,9121,630,,2,10,,1,
2022-01-03,2022-06-19,"Reach - 3C0216 (ยิ่งหุง ยิ่งสุข) แลก 1 ได้ถึง 2 เก้าอี้สตูเบาะ+กล่องเก็บของ",การเข้าถึง,2022-01-26,2022-02-04,400,"การคลิกในช่วง 7 วันหรือการดูในช่วง 1 วัน",20452,reach,19.557989438686,20452,31463,34,,1,7,,,
2022-01-03,2022-06-19,"Engagement - 3C0216 (ยิ่งหุง ยิ่งสุข) แลก 1 ได้ถึง 2 เก้าอี้สตูเบาะ+กล่องเก็บของ",การมีส่วนร่วม,2022-01-26,2022-02-04,800,"การคลิกในช่วง 7 วันหรือการดูในช่วง 1 วัน",608,actions:post_engagement,1.3157894736842,3984,5374,608,,,,,,
2022-01-03,2022-06-19,"Engagement - 3C0212 ข้าวหงษ์ทอง ขอมอบความเป็นสิริมงคลในปี 2565 ด้วยคำอวยพรจากหมอช้าง",การมีส่วนร่วม,2022-01-26,2022-02-04,1000,"การคลิกในช่วง 7 วันหรือการดูในช่วง 1 วัน",685,actions:post_engagement,1.4598540145985,4511,6536,685,,2,3,1,,
2022-01-03,2022-06-19,"Engagement - 3C0208 10 ความเชื่อ ไม่ควรทำวันตรุษจีน!",การมีส่วนร่วม,2022-01-25,2022-02-03,1000,"การคลิกในช่วง 7 วันหรือการดูในช่วง 1 วัน",3228,actions:post_engagement,0.30978934324659,25441,40441,3228,,,6,,,
2022-01-03,2022-06-19,"Engagement - 3C0215 (ยิ่งหุง ยิ่งสุข) ของรางวัลสุดโปรดแลกได้กี่ครั้ง!!",การมีส่วนร่วม,2022-01-27,2022-02-05,1000,"การคลิกในช่วง 7 วันหรือการดูในช่วง 1 วัน",614,actions:post_engagement,1.628664495114,2329,2896,614,,,,,,
2022-01-03,2022-06-19,"Video view - 3C0223 VDO - ความหมายถุง",การรับชมวิดีโอ,2022-01-26,2022-02-04,4000,"การคลิกในช่วง 7 วันหรือการดูในช่วง 1 วัน",34745,video_thruplay_watched_actions,0.11512447834221,36539,44985,38855,34745,2,1,,,
2022-01-03,2022-06-19,"[ Engagement ] HT November 2019",การมีส่วนร่วม,1970-01-01,1970-01-01,0,"การคลิกในช่วง 28 วันหรือการดูในช่วง 1 วัน",,,,0,0,,,,,,,
2022-01-03,2022-06-19,"[ T.1 ] C507 : Carousel Ads [ Covid-19 ]",การเยี่ยมชม,1970-01-01,1970-01-01,0,-,,,,0,0,,,,,,,
2022-01-03,2022-06-19,"[ T8 ] V:LDP : C911  ข้าวกล้องหอมใหม่ 100%",การเยี่ยมชม,1970-01-01,1970-01-01,0,"การคลิกในช่วง 28 วันหรือการดูในช่วง 1 วัน",,,,0,0,,,,,,,
2022-01-03,2022-06-19,"[ T9 ] EGM : C911  ข้าวกล้องหอมใหม่ 100%",การมีส่วนร่วม,1970-01-01,1970-01-01,0,"การคลิกในช่วง 28 วันหรือการดูในช่วง 1 วัน",,,,0,0,,,,,,,
2022-01-03,2022-06-19,"[ T1 ] R : C903 : Promotion : 28-5 May HONGTT100_ PHOTO ALBUM",การเข้าถึง,1970-01-01,1970-01-01,0,-,0,reach,,0,0,,,,,,,
2022-01-03,2022-06-19,"เพจ HTL  [ T8 ] V:LDP : [โปรโมชั่นเอาใจคนรักสุขภาพ ข้าวกล้องหอมใหม่ 100%",การเยี่ยมชม,1970-01-01,1970-01-01,0,"การคลิกในช่วง 28 วันหรือการดูในช่วง 1 วัน",,,,0,0,,,,,,,
2022-01-03,2022-06-19,"[ T9 ] : VDO VIEW : : C1008 Video สั่งซื้อผ่าน HT Online",การรับชมวิดีโอ,1970-01-01,1970-01-01,0,"การคลิกในช่วง 28 วันหรือการดูในช่วง 1 วัน",,,,0,0,,,,,,,
2022-01-03,2022-06-19,"[ T.9 ]  V:LDP :  เสริมสร้างภูมิคุ้มกัน ซูเปอร์ไรซ์ (Zuper Rice)",การเยี่ยมชม,1970-01-01,1970-01-01,0,-,,,,0,0,,,,,,,
2022-01-03,2022-06-19,"[ T9 ] : EGM : C1205 สุข คูณ 2 อิ่มท้องกันทั้งครอบครัว ในราคาพิเศษ",การมีส่วนร่วม,1970-01-01,1970-01-01,0,"การคลิกในช่วง 28 วันหรือการดูในช่วง 1 วัน",,,,0,0,,,,,,,
2022-01-03,2022-06-19,"[ T9 ] : EGM : C1205  สุข คูณ 2 อิ่มท้องกันทั้งครอบครัว ในราคาพิเศษ",การมีส่วนร่วม,1970-01-01,1970-01-01,0,-,,,,0,0,,,,,,,
2022-01-03,2022-06-19,"[ T8 ] : EGM : C1411 : ข้าวถ้วย Product content",การมีส่วนร่วม,1970-01-01,1970-01-01,0,-,,,,0,0,,,,,,,
2022-01-03,2022-06-19,"[ T 1 ] : EGM :C1418 : VDO ข้าวหอมมะลิแท้ เปลี่ยนจากหอม 100%",การมีส่วนร่วม,1970-01-01,1970-01-01,0,"การคลิกในช่วง 28 วันหรือการดูในช่วง 1 วัน",,,,0,0,,,,,,,
2022-01-03,2022-06-19,"[ T1 ] : EGM : C1311 : Big C ข้าวหอม 100% ตราหงษ์ทิพย์",การมีส่วนร่วม,1970-01-01,1970-01-01,0,"การคลิกในช่วง 28 วันหรือการดูในช่วง 1 วัน",,,,0,0,,,,,,,
2022-01-03,2022-06-19,"[ T1 ] : R : C1311 : Big C ข้าวหอม 100% ตราหงษ์ทิพย์",การเข้าถึง,1970-01-01,1970-01-01,0,"การคลิกในช่วง 28 วันหรือการดูในช่วง 1 วัน",0,reach,,0,0,,,,,,,
2022-01-03,2022-06-19,"[ T8 ] : EGM : C1311 : Big C ข้าวหอม 100% ตราหงษ์ทิพย์",การมีส่วนร่วม,1970-01-01,1970-01-01,0,"การคลิกในช่วง 28 วันหรือการดูในช่วง 1 วัน",,,,0,0,,,,,,,
2022-01-03,2022-06-19,"[ T8 ] : R : C1311 : Big C ข้าวหอม 100% ตราหงษ์ทิพย์",การเข้าถึง,1970-01-01,1970-01-01,0,"การคลิกในช่วง 28 วันหรือการดูในช่วง 1 วัน",0,reach,,0,0,,,,,,,
2022-01-03,2022-06-19,"[ T9 ] : EGM : C1311 : Big C ข้าวหอม 100% ตราหงษ์ทิพย์",การมีส่วนร่วม,1970-01-01,1970-01-01,0,"การคลิกในช่วง 28 วันหรือการดูในช่วง 1 วัน",,,,0,0,,,,,,,
2022-01-03,2022-06-19,"[ T9 ] : EGM : C1403 : น้ำซาวข้าวเททิ้ง จริงหรือ",การมีส่วนร่วม,1970-01-01,1970-01-01,0,"การคลิกในช่วง 28 วันหรือการดูในช่วง 1 วัน",,,,0,0,,,,,,,
2022-01-03,2022-06-19,"[ T1 ] : EGM : C1425 : ซื้อข้าว 4 ถุงรับถุงผ้า",การมีส่วนร่วม,1970-01-01,1970-01-01,0,"การคลิกในช่วง 28 วันหรือการดูในช่วง 1 วัน",,,,0,0,,,,,,,
2022-01-03,2022-06-19,"[ T1 ] : EGM : C1425 : ซื้อข้าว 4 ถุงรับถุงผ้า",การมีส่วนร่วม,1970-01-01,1970-01-01,0,"การคลิกในช่วง 28 วันหรือการดูในช่วง 1 วัน",,,,0,0,,,,,,,
2022-01-03,2022-06-19,"[ T1 ] : EGM : C1425 : ซื้อข้าว 4 ถุงรับถุงผ้า",การมีส่วนร่วม,1970-01-01,1970-01-01,0,"การคลิกในช่วง 28 วันหรือการดูในช่วง 1 วัน",,,,0,0,,,,,,,
2022-01-03,2022-06-19,"[ T1 ] : EGM : C1425 : ซื้อข้าว 4 ถุงรับถุงผ้า",การมีส่วนร่วม,1970-01-01,1970-01-01,0,-,,,,0,0,,,,,,,
2022-01-03,2022-06-19,"[ T1 ] : EGM : C1425 : ซื้อข้าว 4 ถุงรับถุงผ้า",การมีส่วนร่วม,1970-01-01,1970-01-01,0,-,,,,0,0,,,,,,,
2022-01-03,2022-06-19,"[ T1 ] : EGM : C1425 : ซื้อข้าว 4 ถุงรับถุงผ้า",การมีส่วนร่วม,1970-01-01,1970-01-01,0,"การคลิกในช่วง 28 วันหรือการดูในช่วง 1 วัน",,,,0,0,,,,,,,
2022-01-03,2022-06-19,"Conversion - C2010 จะแบกให้หนักทำไม? 21 - 28 Sep",CONVERSIONS,1970-01-01,1970-01-01,0,"การคลิกในช่วง 28 วันหรือการดูในช่วง 1 วัน",,,,0,0,,,,,,,
2022-01-03,2022-06-19,"Conversion  -  C2032 จมูกข้าว HT online",CONVERSIONS,1970-01-01,1970-01-01,0,-,,,,0,0,,,,,,,
2022-01-03,2022-06-19,"Engagement - EC Laz",การมีส่วนร่วม,1970-01-01,1970-01-01,0,-,,,,0,0,,,,,,,
2022-01-03,2022-06-19,"Engagement  - IG / Daily post",การมีส่วนร่วม,2021-04-27,2022-05-14,16128.49,"การคลิกในช่วง 7 วันหรือการดูในช่วง 1 วัน",14636,actions:post_engagement,1.1019738999727,40360,89384,14636,,10,59,,,
2022-01-03,2022-06-19,"Engagement - 2C1107 ข้าวคุณภาพดี ในราคาย่อมเยา พร้อมโปรดี ส่งฟรีถึงหน้าบ้าน ข้าวหอมคัด + หอม 100",การมีส่วนร่วม,1970-01-01,1970-01-01,0,"การคลิกในช่วง 7 วันหรือการดูในช่วง 1 วัน",,,,0,0,,,,,,,
2022-01-03,2022-06-19,"Video view - 2C1107 ข้าวคุณภาพดี ในราคาย่อมเยา พร้อมโปรดี ส่งฟรีถึงหน้าบ้าน ข้าวหอมคัด + หอม 100 - สำเนา",การรับชมวิดีโอ,1970-01-01,1970-01-01,0,"การคลิกในช่วง 7 วันหรือการดูในช่วง 1 วัน",,,,0,0,,,,,,,
2022-01-03,2022-06-19,"Reach - IG / Daily post",การเข้าถึง,2021-06-01,2022-06-01,5050,"การคลิกในช่วง 7 วันหรือการดูในช่วง 1 วัน",180984,reach,27.903019051408,180984,389118,1432,118,30,39,,2,
2022-01-03,2022-06-19,"Engagement - 2C1214 เพราะ “เมล็ดพันธ์ุบริสุทธิ์” คือ จุดเริ่มต้นของ “ข้าวที่ดีที่สุด”",การมีส่วนร่วม,1970-01-01,1970-01-01,0,"การคลิกในช่วง 7 วันหรือการดูในช่วง 1 วัน",,,,0,0,,,,,,,
2022-01-03,2022-06-19,"Traffic - 2C1308 เตรียมพอยท์ให้พร้อม แลกได้แล้ววันนี้!! (ยิ่งหุง ยิ่งได้) โชว์ของรางวัลที่แลกได้ในภาพรวม",การเยี่ยมชม,1970-01-01,1970-01-01,0,"การคลิกในช่วง 7 วันหรือการดูในช่วง 1 วัน",,,,0,0,,,,,,,
2022-01-03,2022-06-19,"Engagement - 2C1306 ถุงนี้ กี่พอยท์ ? (แยกภาพให้เห็นชัดเจน 2 ฝั่ง) ฝั่ง 100 | ฝั่ง70 พอยท์",การมีส่วนร่วม,1970-01-01,1970-01-01,0,"การคลิกในช่วง 7 วันหรือการดูในช่วง 1 วัน",,,,0,0,,,,,,,
2022-01-03,2022-06-19,"Engagement - 2C1323 PR - ยิ่งหุงยิ่งได้ ได้ทั้งแลก ได้ทั้งลุ้น Ver#1 Key visual #Repost",การมีส่วนร่วม,1970-01-01,1970-01-01,0,"การคลิกในช่วง 7 วันหรือการดูในช่วง 1 วัน",,,,0,0,,,,,,,
2022-01-03,2022-06-19,"Reach - 2C1323 PR - ยิ่งหุงยิ่งได้ ได้ทั้งแลก ได้ทั้งลุ้น  Ver#1 Key visual",การเข้าถึง,1970-01-01,1970-01-01,0,"การคลิกในช่วง 7 วันหรือการดูในช่วง 1 วัน",0,reach,,0,0,,,,,,,
2022-01-03,2022-06-19,"Engagement - 2C1316 ลงทะเบียนปุ๊บ รับพอยท์ปั๊บ 50 พอยท์ ฟรี!",การมีส่วนร่วม,1970-01-01,1970-01-01,0,"การคลิกในช่วง 7 วันหรือการดูในช่วง 1 วัน",,,,0,0,,,,,,,
2022-01-03,2022-06-19,"Engagement - 2ABT018EHTL PD - ข้าวไรซ์เบอร์รี่CRT",การมีส่วนร่วม,1970-01-01,1970-01-01,0,"การคลิกในช่วง 7 วันหรือการดูในช่วง 1 วัน",,,,0,0,,,,,,,
2022-01-03,2022-06-19,"Engagement - 2ABT018EHTR PD - ข้าวไรซ์เบอร์รี่CRT",การมีส่วนร่วม,1970-01-01,1970-01-01,0,"การคลิกในช่วง 7 วันหรือการดูในช่วง 1 วัน",,,,0,0,,,,,,,
2022-01-03,2022-06-19,"Engagement - 2ABT021EHTR PD - ข้าวกล้องCRT - สำเนา",การมีส่วนร่วม,1970-01-01,1970-01-01,0,"การคลิกในช่วง 7 วันหรือการดูในช่วง 1 วัน",,,,0,0,,,,,,,
2022-01-03,2022-06-19,"Engagement - TG01E หงษ์ทองห่วงใย ส่งข้าวฟรีถึงหน้าบ้าน",การมีส่วนร่วม,1970-01-01,1970-01-01,0,"การคลิกในช่วง 7 วันหรือการดูในช่วง 1 วัน",,,,0,0,,,,,,,
2022-01-03,2022-06-19,"Engagement - TG02E หงษ์ทองห่วงใย ส่งข้าวฟรีถึงหน้าบ้าน",การมีส่วนร่วม,1970-01-01,1970-01-01,0,-,,,,0,0,,,,,,,
2022-01-03,2022-06-19,"Reach - IG / Dark post",การเข้าถึง,2021-07-16,2022-06-30,1300,"การคลิกในช่วง 7 วันหรือการดูในช่วง 1 วัน",70224,reach,18.512189564821,70224,113228,25,,5,14,,,
2022-01-03,2022-06-19,"Video view - IG / Daily post",การรับชมวิดีโอ,2021-07-22,2022-03-19,700,"การคลิกในช่วง 7 วันหรือการดูในช่วง 1 วัน",2832,video_thruplay_watched_actions,0.24717514124294,13588,16265,6342,2832,4,2,,,
2022-01-03,2022-06-19,"Reach - 2C1608 ประกาศผลรางวัลครั้งที่ 1 : 4 ส.ค.64",การเข้าถึง,1970-01-01,1970-01-01,0,"การคลิกในช่วง 7 วันหรือการดูในช่วง 1 วัน",0,reach,,0,0,,,,,,,
2022-01-03,2022-06-19,"Engagement - BCKing10 แม่ฉันทำได้ทุกอย่าง! เหมือนน้ำมันรำข้าวคิงที่  ทำได้ทั้งทอด ทั้งผัด",การมีส่วนร่วม,1970-01-01,1970-01-01,0,"การคลิกในช่วง 7 วันหรือการดูในช่วง 1 วัน",,,,0,0,,,,,,,
2022-01-03,2022-06-19,"Reach - HTLC2101 อิ่มคูณ 5 ไฟเบอร์ 5 เท่า กับข้าวกล้องหอมใหม่ 100%",การเข้าถึง,1970-01-01,1970-01-01,0,"การคลิกในช่วง 7 วันหรือการดูในช่วง 1 วัน",0,reach,,0,0,,,,,,,
2022-01-03,2022-06-19,"Engagement - BCTSB10 Easy Cooking#2  ข้าวหมกเนื้อ",การมีส่วนร่วม,1970-01-01,1970-01-01,0,"การคลิกในช่วง 7 วันหรือการดูในช่วง 1 วัน",,,,0,0,,,,,,,
2022-01-03,2022-06-19,"Engagement - BCTSB13 Easy Cooking#3 ข้าวซี่โครงหมูอบน้ำผึ้ง",การมีส่วนร่วม,1970-01-01,1970-01-01,0,"การคลิกในช่วง 7 วันหรือการดูในช่วง 1 วัน",,,,0,0,,,,,,,
2022-01-03,2022-06-19,"Engagement - BCTSB06 หม้อหุงข้าวที่ดีต้องมี 4 ข้อสำคัญ",การมีส่วนร่วม,2021-11-24,2021-12-10,0,"การคลิกในช่วง 7 วันหรือการดูในช่วง 1 วัน",,,,0,0,,,,,,,
2022-01-03,2022-06-19,"Engagement - 2C2308 กลับมาตามคำเรียกร้อง! HongThong Rewards ""ยิ่งหุง ยิ่งสุข""",การมีส่วนร่วม,2021-11-25,2021-12-15,0,"การคลิกในช่วง 7 วันหรือการดูในช่วง 1 วัน",,,,0,0,,,,,,,
2022-01-03,2022-06-19,"Reach - 2C2308 กลับมาตามคำเรียกร้อง! HongThong Rewards ""ยิ่งหุง ยิ่งสุข""",การเข้าถึง,2021-11-25,2021-12-15,0,"การคลิกในช่วง 7 วันหรือการดูในช่วง 1 วัน",0,reach,,0,0,,,,,,,
2022-01-03,2022-06-19,"Engagement - BCTSB16 Easy Cooking - All รวมเมนู Easy Cooking",การมีส่วนร่วม,2021-11-26,2021-12-05,0,"การคลิกในช่วง 7 วันหรือการดูในช่วง 1 วัน",,,,0,0,,,,,,,
2022-01-03,2022-06-19,"Reach - BCTSB16 Easy Cooking - All รวมเมนู Easy Cooking",การเข้าถึง,2021-11-26,2021-12-05,0,"การคลิกในช่วง 7 วันหรือการดูในช่วง 1 วัน",0,reach,,0,0,,,,,,,
2022-01-03,2022-06-19,"Engagement - 2C2309 สะสมแต้มได้แล้ววันนี้ ของรางวัลดีๆรออยู่เพียบ!",การมีส่วนร่วม,2021-11-27,2021-12-10,0,"การคลิกในช่วง 7 วันหรือการดูในช่วง 1 วัน",,,,0,0,,,,,,,
2022-01-03,2022-06-19,"Reach - 2C2309 สะสมแต้มได้แล้ววันนี้ ของรางวัลดีๆรออยู่เพียบ!",การเข้าถึง,2021-11-27,2021-12-10,0,"การคลิกในช่วง 7 วันหรือการดูในช่วง 1 วัน",0,reach,,0,0,,,,,,,
2022-01-03,2022-06-19,"Engagement - 2C2408 ข้าวหงษ์ทอง Save ร้านอาหาร",การมีส่วนร่วม,2021-11-26,2021-12-15,0,"การคลิกในช่วง 7 วันหรือการดูในช่วง 1 วัน",,,,0,0,,,,,,,
2022-01-03,2022-06-19,"Reach - 2C2408 ข้าวหงษ์ทอง Save ร้านอาหาร",การเข้าถึง,2021-11-26,2021-12-15,0,"การคลิกในช่วง 7 วันหรือการดูในช่วง 1 วัน",0,reach,,0,0,,,,,,,
2022-01-03,2022-06-19,"Engagement - 2C2409 ข้าวหงษ์ทอง #Saveร้านอาหาร (Video)",การมีส่วนร่วม,2021-11-27,2021-12-15,0,"การคลิกในช่วง 7 วันหรือการดูในช่วง 1 วัน",,,,0,0,,,,,,,
2022-01-03,2022-06-19,"video view - 2C2409 ข้าวหงษ์ทอง #Saveร้านอาหาร (Video)",การรับชมวิดีโอ,2021-11-27,2021-12-15,0,"การคลิกในช่วง 7 วันหรือการดูในช่วง 1 วัน",,,,0,0,,,,,,,
2022-01-03,2022-06-19,"Engagement - 2C2310 Repost : ปรับ AW ก่อน : ถุงนี้กี่พอยท์",การมีส่วนร่วม,2021-11-29,2021-12-07,0,"การคลิกในช่วง 7 วันหรือการดูในช่วง 1 วัน",,,,0,0,,,,,,,
2022-01-03,2022-06-19,"Reach - 2C2310 Repost : ปรับ AW ก่อน : ถุงนี้กี่พอยท์",การเข้าถึง,2021-11-29,2021-12-07,0,"การคลิกในช่วง 7 วันหรือการดูในช่วง 1 วัน",0,reach,,0,0,,,,,,,
2022-01-03,2022-06-19,"Reach - 2C2312 Repost : ปรับ AW ก่อน :  4 Step สะสมพอยท์ง่ายๆ",การเข้าถึง,2021-11-30,2021-12-08,0,"การคลิกในช่วง 7 วันหรือการดูในช่วง 1 วัน",0,reach,,0,0,,,,,,,
2022-01-03,2022-06-19,"Engagement - 2C2312 Repost : ปรับ AW ก่อน :  4 Step สะสมพอยท์ง่ายๆ",การมีส่วนร่วม,2021-11-30,2021-12-08,0,"การคลิกในช่วง 7 วันหรือการดูในช่วง 1 วัน",,,,0,0,,,,,,,
2022-01-03,2022-06-19,"Reach - 2C2407 Special recipe ข้าวทิพย์บัวสวรรค์ (single post)",การเข้าถึง,2021-12-01,2021-12-15,0,"การคลิกในช่วง 7 วันหรือการดูในช่วง 1 วัน",0,reach,,0,0,,,,,,,
2022-01-03,2022-06-19,"Engagement - 2C2407 Special recipe ข้าวทิพย์บัวสวรรค์ (single post)",การมีส่วนร่วม,2021-12-01,2021-12-15,0,"การคลิกในช่วง 7 วันหรือการดูในช่วง 1 วัน",,,,0,0,,,,,,,
2022-01-03,2022-06-19,"Engagement - 2C2313 Repost : ปรับ AW ก่อน : ขั้นตอนการแลกของรางวัล ""4 Steps แลกง่าย ได้ทันที",การมีส่วนร่วม,2021-12-02,2021-12-10,0,"การคลิกในช่วง 7 วันหรือการดูในช่วง 1 วัน",,,,0,0,,,,,,,
2022-01-03,2022-06-19,"Engagement - 2C2315 ลงทะเบียนวันนี้ รับฟรี Welcome Point 50 Points !!",การมีส่วนร่วม,2021-12-04,2021-12-12,0,"การคลิกในช่วง 7 วันหรือการดูในช่วง 1 วัน",,,,0,0,,,,,,,
2022-01-03,2022-06-19,"Reach - 2C2315 ลงทะเบียนวันนี้ รับฟรี Welcome Point 50 Points !!",การเข้าถึง,2021-12-04,2021-12-12,0,"การคลิกในช่วง 7 วันหรือการดูในช่วง 1 วัน",0,reach,,0,0,,,,,,,
